timestamp,hour_of_day,day_of_week,temperature,wind_speed,demand_forecast,price_next_hour
2024-01-01 00:00:00,0,0,11.165561867580813,4.444271021531484,3298.0126364631687,57.079652804976114
2024-01-01 01:00:00,1,0,9.895604959215978,5.640890479421044,3279.0512713056264,51.50515863601266
2024-01-01 02:00:00,2,0,11.467510637759732,6.249110874248393,3381.8359107771034,57.34187925906487
2024-01-01 03:00:00,3,0,13.218193274374398,6.9842880816337285,3104.464121608863,61.07332967231585
2024-01-01 04:00:00,4,0,9.703826812111675,7.522321150853063,3073.74807608534,65.76967462955253
2024-01-01 05:00:00,5,0,9.703859647659986,6.424304556664202,3181.2760027380045,72.15454971405518
2024-01-01 06:00:00,6,0,13.33055919257313,6.594571244394831,2940.446506481614,64.31598281957085
2024-01-01 07:00:00,7,0,11.707003019864164,6.303062723120828,3012.4075942024033,60.43832587657872
2024-01-01 08:00:00,8,0,9.233184789688442,6.615040878015387,3019.943598300871,64.86705826944828
2024-01-01 09:00:00,9,0,11.257253648730277,6.647392749596262,2747.6884629498727,66.0340551804876
2024-01-01 10:00:00,10,0,9.245298175933423,6.4936672582945505,2808.3286115221986,60.3240423629385
2024-01-01 11:00:00,11,0,9.240674054417834,5.479662578383781,2594.8530239792935,54.868244815562335
2024-01-01 12:00:00,12,0,10.656058104690416,4.840076238372578,2775.473329806781,57.87398182444006
2024-01-01 13:00:00,13,0,6.345573072242751,4.5582409059193285,2730.1646507119563,54.4024464044701
2024-01-01 14:00:00,14,0,6.7222978965322815,3.582428549184989,2787.4962070806896,46.92175746741313
2024-01-01 15:00:00,15,0,9.047558503076402,4.630555798474292,2723.310758440496,49.07320904073756
2024-01-01 16:00:00,16,0,8.1464713208895,2.4641186788720937,2683.8916584432827,49.33154266513223
2024-01-01 17:00:00,17,0,10.800628226748895,3.160518636869726,2972.6794929441944,48.886411864786
2024-01-01 18:00:00,18,0,8.356085410515925,4.01180310961482,2793.6596847520545,44.80065307407163
2024-01-01 19:00:00,19,0,7.347526158887764,3.071548269701862,3045.9106643065024,44.26650339857135
2024-01-01 20:00:00,20,0,13.103431099401455,3.1729296749303755,3244.118186641997,50.02156742839941
2024-01-01 21:00:00,21,0,9.720580960585275,3.407063726221691,3231.3218079432677,44.298450679191866
2024-01-01 22:00:00,22,0,10.307189970934195,3.9098041591187953,3454.6418856143127,51.31573787276301
2024-01-01 23:00:00,23,0,7.3226371891314335,5.168786147133222,3392.288663144898,48.3017296668815
2024-01-02 00:00:00,0,1,9.255450667177092,3.8940690443352466,3234.610161167442,56.313577826072475
2024-01-02 01:00:00,1,1,10.56606129564719,6.284354940853204,3292.5090858718645,54.93150291348539
2024-01-02 02:00:00,2,1,8.042228961382852,5.288021423774928,3255.0705508808883,61.92319871623607
2024-01-02 03:00:00,3,1,11.0956121529188,6.280887397755888,3053.9143580213513,61.66275509022572
2024-01-02 04:00:00,4,1,9.142938736389848,6.517428597419546,3055.9601083515645,58.108042356952254
2024-01-02 05:00:00,5,1,9.760828616640904,7.226128287463497,3021.5696228327706,67.05059046841608
2024-01-02 06:00:00,6,1,9.140802891768663,6.200937824058126,2796.3779497144064,67.77118480857685
2024-01-02 07:00:00,7,1,14.048772485245333,7.1629379856191076,2927.103633294408,65.42356674998199
2024-01-02 08:00:00,8,1,10.317221666751589,7.744205619212304,2825.092815534696,59.4929394520294
2024-01-02 09:00:00,9,1,8.228794258315656,5.73262656007669,2620.5785755128786,59.270474958086915
2024-01-02 10:00:00,10,1,11.989305940433836,6.094853083805198,2780.6136653924013,58.55373066151094
2024-01-02 11:00:00,11,1,7.902528816285413,5.186647001306738,2781.8095265823754,53.59450826232458
2024-01-02 12:00:00,12,1,10.761943306236969,5.212943603096518,2722.703447886489,58.19448872668328
2024-01-02 13:00:00,13,1,6.424875868467906,4.491935798502834,2677.815434592382,50.96223797344657
2024-01-02 14:00:00,14,1,7.687844018430596,3.679256545477846,2799.3365940398535,40.007404867971594
2024-01-02 15:00:00,15,1,10.737938587965704,3.829722580062443,2855.8900016917046,47.064448635696856
2024-01-02 16:00:00,16,1,11.821149276218279,4.1701232473244945,2880.740356971969,43.41272278099734
2024-01-02 17:00:00,17,1,10.686952678607398,2.9726964515582144,2839.893061425768,43.23341107804764
2024-01-02 18:00:00,18,1,10.112919551450977,3.359878971074091,3027.660076551118,42.011590911936565
2024-01-02 19:00:00,19,1,9.74200872504888,2.4215118684862813,3197.193778613304,45.879329996223035
2024-01-02 20:00:00,20,1,7.3871721354926025,2.7897310040221184,3090.337094138827,47.81625830710943
2024-01-02 21:00:00,21,1,8.90452769943804,3.8219895765670935,3421.9259682692073,46.89554068420415
2024-01-02 22:00:00,22,1,9.422938574307882,4.742058014267982,3207.244527736793,47.09951544787918
2024-01-02 23:00:00,23,1,12.458460568665288,4.660168584187787,3293.018449220734,50.40524694384094
2024-01-03 00:00:00,0,2,11.20343325136946,4.843470984738423,3232.7514403993664,48.94619417995131
2024-01-03 01:00:00,1,2,6.990116361507069,5.517283792916719,3312.1048314787467,49.068295661649124
2024-01-03 02:00:00,2,2,11.164364611022126,5.374796133015141,3085.5854518718043,55.62418127593213
2024-01-03 03:00:00,3,2,9.746032111399904,6.716471225550778,3157.527854474292,57.3385901136653
2024-01-03 04:00:00,4,2,9.162352671620619,7.1732173387305815,3040.7878799651435,62.16897308739283
2024-01-03 05:00:00,5,2,11.739549249914273,6.705806486161596,3091.1795483199853,62.312702933974535
2024-01-03 06:00:00,6,2,12.578195717224439,6.764978926120249,3099.4447375508907,56.830370577448036
2024-01-03 07:00:00,7,2,12.378756910464935,7.064790767404161,2986.9549051806994,61.00754871663601
2024-01-03 08:00:00,8,2,8.83776162578726,6.51369093954858,2612.8340639141106,54.694789218779405
2024-01-03 09:00:00,9,2,9.897771920530108,6.381147255060184,2992.074930936824,58.04625944490645
2024-01-03 10:00:00,10,2,11.178723535039666,7.049860894583258,2769.720372926755,52.337552733938104
2024-01-03 11:00:00,11,2,12.467286926477255,5.394125239832044,2632.5723380639793,48.40582611111688
2024-01-03 12:00:00,12,2,9.557848196541958,4.820829923989389,2715.712791899094,49.727531358310635
2024-01-03 13:00:00,13,2,10.144878718904902,4.158591006977379,2727.8412343635487,38.275503494730806
2024-01-03 14:00:00,14,2,8.30352672422048,4.3720959857499695,2673.507507169512,38.63446860700274
2024-01-03 15:00:00,15,2,8.123783424071195,3.4951743510178543,2807.659632378243,41.283851867030116
2024-01-03 16:00:00,16,2,12.141248317020933,2.9432626732704104,2789.2527712379692,40.47446659227857
2024-01-03 17:00:00,17,2,13.228676729374182,3.7288003635583697,2881.9180872002416,38.12018075685319
2024-01-03 18:00:00,18,2,10.37217642907187,3.7098015022568185,2931.3720864244915,34.14908643406563
2024-01-03 19:00:00,19,2,12.523262468016586,2.7679365645525107,2934.378584556791,36.77446154091222
2024-01-03 20:00:00,20,2,11.239468722327805,2.3346792167508146,3164.5836470215386,41.40076927408622
2024-01-03 21:00:00,21,2,9.225957163022288,4.089543282545366,3270.661978007598,43.56167283023804
2024-01-03 22:00:00,22,2,11.238987883249365,3.6576850871199973,3311.295980742969,43.8387259774306
2024-01-03 23:00:00,23,2,13.592269805164475,4.8776747093763415,3371.770273150244,49.76970622230418
2024-01-04 00:00:00,0,3,10.616372189803295,4.014948091144082,3332.4340210014866,46.687346730865606
2024-01-04 01:00:00,1,3,13.81731157965121,5.963936759354696,3236.50519806503,45.84097914963847
2024-01-04 02:00:00,2,3,5.44853405984371,5.39441403535961,3343.774007578451,49.65364950025305
2024-01-04 03:00:00,3,3,12.331829276773647,6.779595621906357,3076.380280371771,48.35762500072981
2024-01-04 04:00:00,4,3,10.862118404499542,6.739187341487094,3059.932861748752,53.83099272715803
2024-01-04 05:00:00,5,3,10.090009567091464,6.454881942879814,2981.225706388432,58.4907157810426
2024-01-04 06:00:00,6,3,10.871545821094204,6.7964818435366094,3108.005605913931,57.55102591462081
2024-01-04 07:00:00,7,3,6.712886438821413,7.275010881056486,3016.6331378832515,59.36044190113595
2024-01-04 08:00:00,8,3,10.248680492348175,6.784998034126494,2898.7305237044993,53.246753966935316
2024-01-04 09:00:00,9,3,11.402249411046691,6.706420052609337,2895.0609521652154,56.60452285589615
2024-01-04 10:00:00,10,3,13.643812357506231,6.9882202922577425,2652.2641006234694,49.91524298114399
2024-01-04 11:00:00,11,3,9.651483831475904,4.735517284349517,2745.0817640993773,52.4981013592228
2024-01-04 12:00:00,12,3,9.071037062236824,5.808606287484312,2687.4825571616834,45.42958541816153
2024-01-04 13:00:00,13,3,9.684510180854126,4.534539878556565,2794.910462501771,45.02865933087553
2024-01-04 14:00:00,14,3,12.518828503427347,3.550607975838437,2728.6699556094486,44.92049275341747
2024-01-04 15:00:00,15,3,11.345526487342568,2.920629624757411,2749.373676803027,37.84380496287882
2024-01-04 16:00:00,16,3,9.628503860489122,3.1733889970426064,2904.090851856099,37.49006858527604
2024-01-04 17:00:00,17,3,11.71455913424991,3.5289734033840934,3009.9712031883673,39.702487673216126
2024-01-04 18:00:00,18,3,10.88217936671928,2.936225439811233,2933.16548051532,35.096146168697715
2024-01-04 19:00:00,19,3,12.625314249088976,3.823725812545537,3071.538146395518,31.87322055007873
2024-01-04 20:00:00,20,3,9.283918080268494,2.5423613474053433,3044.1559366358347,43.263922786398254
2024-01-04 21:00:00,21,3,10.032699974827663,3.5797419637038774,2962.32593260667,37.01479445561102
2024-01-04 22:00:00,22,3,9.903807961758883,3.3738032777934395,3279.853584276704,40.971423813300525
2024-01-04 23:00:00,23,3,7.760994371758962,4.664177851107441,3350.6682835121837,46.374985217816075
2024-01-05 00:00:00,0,4,11.451888541503617,5.44344369504865,3326.2066809086728,43.6696739492943
2024-01-05 01:00:00,1,4,11.381758531734244,5.3072571933645145,3094.821576111284,45.05974237184672
2024-01-05 02:00:00,2,4,10.869874900659388,4.697893071686433,3224.7226781276845,51.2563675508124
2024-01-05 03:00:00,3,4,10.390473720624172,6.513687635771342,2990.297258350856,47.18699427861621
2024-01-05 04:00:00,4,4,8.028906503273637,6.950420083435631,3286.9701107654187,53.291691467728526
2024-01-05 05:00:00,5,4,10.018357341843748,7.133999030058985,2969.040255318948,55.889529916324804
2024-01-05 06:00:00,6,4,10.174218954320926,7.617891095911077,3125.5403609459895,54.68529997001241
2024-01-05 07:00:00,7,4,9.255093448931227,6.396324812753612,3016.9412508376586,50.524061093821345
2024-01-05 08:00:00,8,4,10.537076564042447,7.072158860294103,2759.940964746394,58.93794356694433
2024-01-05 09:00:00,9,4,11.667749701003542,7.010467318612083,2674.5894705172614,52.87683793420091
2024-01-05 10:00:00,10,4,14.632019789795526,5.110706207996742,2775.229400503302,54.788612013773125
2024-01-05 11:00:00,11,4,11.208803613038144,5.677464003164531,2625.7898483949725,47.30323736097178
2024-01-05 12:00:00,12,4,11.374748768819995,4.747910084496164,2710.2484642158206,42.85511971541561
2024-01-05 13:00:00,13,4,10.71075615584213,4.441600573244136,2661.9394930325875,43.714507970228176
2024-01-05 14:00:00,14,4,7.022105556776383,4.173838241769169,2562.0765374181046,39.84779428150324
2024-01-05 15:00:00,15,4,10.806620236476032,3.34217215557013,2564.8211637315894,34.89080347464836
2024-01-05 16:00:00,16,4,10.980108407256518,2.9300951528503174,2872.66842484946,41.24425439900601
2024-01-05 17:00:00,17,4,15.786132212345038,3.0852245561658758,2866.1985118361813,33.96908672891524
2024-01-05 18:00:00,18,4,10.47492605781222,2.4563770305685986,2944.691018308587,29.9743565061012
2024-01-05 19:00:00,19,4,11.46274267204169,2.52523578297927,3147.2320974401346,39.82039555946921
2024-01-05 20:00:00,20,4,10.790224447963979,3.6076358339093746,3267.3442276632445,35.32200757520565
2024-01-05 21:00:00,21,4,8.522291912135401,3.0113894200475766,3184.877562219783,36.60061617077555
2024-01-05 22:00:00,22,4,13.145293616404507,4.333156250454605,3225.747750444345,35.19899289939797
2024-01-05 23:00:00,23,4,12.363514052748014,4.713657556221932,3339.7920511981088,48.12978966925366
2024-01-06 00:00:00,0,5,12.613080868560441,4.137096635604702,3164.3064430300424,45.01895356858936
2024-01-06 01:00:00,1,5,9.212242064884869,5.178855764037214,3312.09305336149,51.65093422336058
2024-01-06 02:00:00,2,5,13.836605596346546,6.597054701523686,3314.996218317547,56.62525629783975
2024-01-06 03:00:00,3,5,8.227314848889787,5.923630796803254,3280.155055197727,57.22361394109319
2024-01-06 04:00:00,4,5,12.204731162074888,6.4998486764141825,2956.3247297497537,57.36868643208623
2024-01-06 05:00:00,5,5,15.411928226094304,7.162882099204085,3001.5101865498623,53.44165601824686
2024-01-06 06:00:00,6,5,9.049944324212971,7.391695254641298,2912.1736747176533,56.45822082291657
2024-01-06 07:00:00,7,5,9.898421515268804,6.806082209555888,2932.3429819101652,59.11005460723667
2024-01-06 08:00:00,8,5,11.23031970464963,6.433295710223057,2898.0744579767984,55.186127158101826
2024-01-06 09:00:00,9,5,10.024065666241949,7.125398493222349,2937.539006388634,56.5685415220802
2024-01-06 10:00:00,10,5,7.929690112342082,6.869449831898789,2690.695830827861,55.93262555666385
2024-01-06 11:00:00,11,5,11.168142924086402,6.00706711559594,2660.465002282358,54.36309443864394
2024-01-06 12:00:00,12,5,8.906409547022138,5.042659071282512,2814.9672018878746,45.20885725678038
2024-01-06 13:00:00,13,5,11.978201835744711,4.078229048974495,2739.87994596631,52.88914304413008
2024-01-06 14:00:00,14,5,9.192168506006741,3.5847777967217183,2866.9575299834655,46.189833363880815
2024-01-06 15:00:00,15,5,14.130885784509427,3.8470434902597845,2816.740765945019,41.81118505734577
2024-01-06 16:00:00,16,5,9.464510389801873,3.4771483028754653,2734.288338128673,43.49575104160397
2024-01-06 17:00:00,17,5,10.386893942062997,3.7689476438950784,2789.0414509914635,46.324360383327665
2024-01-06 18:00:00,18,5,12.658051409213687,3.3252250462680695,2844.848775094107,34.57123502704782
2024-01-06 19:00:00,19,5,8.569288341606438,2.3166081965419543,3143.850897006603,38.552349139853675
2024-01-06 20:00:00,20,5,11.485936843682607,3.793923001292582,3268.859682308701,33.09184631275406
2024-01-06 21:00:00,21,5,13.645302483039204,3.0867561239696983,3397.0682484946024,42.39428211629702
2024-01-06 22:00:00,22,5,7.8160505053518925,3.8080143640238235,3344.1181543676553,44.98357805599384
2024-01-06 23:00:00,23,5,11.400284691538957,4.607462012920804,3406.061605640219,46.181718532864934
2024-01-07 00:00:00,0,6,11.721846037490375,5.997833744891982,3241.9983667346314,51.15384829629873
2024-01-07 01:00:00,1,6,12.765726192548147,7.072597368207722,3174.136166212335,49.5570959117539
2024-01-07 02:00:00,2,6,8.728179027237363,6.303361529568091,3344.815554377087,59.23805005952897
2024-01-07 03:00:00,3,6,8.561167222824974,6.322615253012901,3253.9001095799044,64.55482027290512
2024-01-07 04:00:00,4,6,12.245963580227322,6.999303631809152,3160.7444374340894,60.00464767993775
2024-01-07 05:00:00,5,6,11.796049795459899,7.3756793655150545,3116.3828615940556,64.09688705925379
2024-01-07 06:00:00,6,6,11.70306614968528,6.839666187221404,3032.3185482458207,58.41301606903352
2024-01-07 07:00:00,7,6,11.894976867987479,7.829457330534297,3050.7359724546,64.14834646326189
2024-01-07 08:00:00,8,6,9.842031005836546,6.847086187164579,2979.4985584816955,60.59755615390408
2024-01-07 09:00:00,9,6,11.666587843315535,6.663085106918792,2842.2900008780707,57.9012629693504
2024-01-07 10:00:00,10,6,11.78822539559089,6.332962126027231,2824.772666120961,55.83635808564527
2024-01-07 11:00:00,11,6,9.773377612940791,5.7284313955122705,2761.628507355757,54.52480471421985
2024-01-07 12:00:00,12,6,14.93362947128304,5.419470250234806,2653.883026796538,54.26474895637127
2024-01-07 13:00:00,13,6,12.149746290817102,4.173735316521497,2785.8787196045932,46.59276895468191
2024-01-07 14:00:00,14,6,8.81947345458823,3.720849123026986,2600.742871978742,46.926103014590105
2024-01-07 15:00:00,15,6,12.515187666261188,3.0357093211410584,2893.2571208736235,45.921965863430756
2024-01-07 16:00:00,16,6,9.252717108538885,3.4876998077412367,2730.5477060233966,41.160077297853704
2024-01-07 17:00:00,17,6,12.77624965647843,3.4576165991779204,2950.9346151487175,48.84818635142803
2024-01-07 18:00:00,18,6,13.519271607008335,3.228886433075943,2915.484604157384,40.55696256910964
2024-01-07 19:00:00,19,6,9.560715812290105,3.905394564095632,3132.984611838199,41.44988000550251
2024-01-07 20:00:00,20,6,13.128832707482172,3.2651511830165996,3146.607477407209,41.52227112198179
2024-01-07 21:00:00,21,6,12.027642302866523,3.920157265423161,3052.656438539631,51.44182145884254
2024-01-07 22:00:00,22,6,12.846200768982508,3.454149561930342,3301.8775842371792,49.776164695092106
2024-01-07 23:00:00,23,6,14.995666414301422,4.288812058557756,3231.9856702034494,47.71948253953752
2024-01-08 00:00:00,0,0,10.882011489126906,5.3477688787828885,3388.1146720813367,58.31869467657991
2024-01-08 01:00:00,1,0,9.865315392417669,5.942189145576614,3289.910316760161,58.19028653389184
2024-01-08 02:00:00,2,0,9.5937588618816,5.853016526167909,3299.3497196741355,60.77176026333451
2024-01-08 03:00:00,3,0,9.741167151201772,6.378413936444061,3116.375138854443,61.037636185608115
2024-01-08 04:00:00,4,0,11.21858430230444,5.973113934228472,3091.066776857264,61.41200607697346
2024-01-08 05:00:00,5,0,12.055091670765936,6.753337052174832,3031.781849920648,65.67255656005449
2024-01-08 06:00:00,6,0,11.926169319792686,7.445191581759893,3085.6702480242557,63.36473831001323
2024-01-08 07:00:00,7,0,13.027154219204695,7.21945416063142,3090.091995249793,70.109525151616
2024-01-08 08:00:00,8,0,11.398791504888461,6.982383668259483,2769.482824825712,59.85238072211508
2024-01-08 09:00:00,9,0,14.279855875447282,6.439100405963575,2895.5527801098037,66.67953813043032
2024-01-08 10:00:00,10,0,10.843474054656735,6.003531579314088,2523.224637092098,59.6660434536066
2024-01-08 11:00:00,11,0,16.813126054311887,5.187477520468319,2590.8033120040504,58.48544765308853
2024-01-08 12:00:00,12,0,12.62412241666266,5.349414210101267,2604.1221543813226,57.4994732998883
2024-01-08 13:00:00,13,0,9.658472608300082,4.692848381989654,2574.971383169207,50.52106166396148
2024-01-08 14:00:00,14,0,9.231002725010423,4.246009423996401,2581.8335398859103,52.59274515409591
2024-01-08 15:00:00,15,0,12.337732551619018,3.322769016293116,2829.167856857815,39.806300621991
2024-01-08 16:00:00,16,0,10.925862150480945,2.191277732495501,2828.593230227214,44.1797773624898
2024-01-08 17:00:00,17,0,12.800788709316832,3.6167247032987113,2960.294826229755,42.56855331508612
2024-01-08 18:00:00,18,0,12.319262970279738,2.760581271995798,3069.047268612151,41.23948196288472
2024-01-08 19:00:00,19,0,11.227129895818901,2.636760465400303,3104.2074128480094,44.69587722287246
2024-01-08 20:00:00,20,0,9.679200284995838,3.6146886483881198,3215.7763176150374,47.4969958667007
2024-01-08 21:00:00,21,0,8.343093271760917,3.38978011766734,3205.178805731737,50.03691218363244
2024-01-08 22:00:00,22,0,10.479757816998605,4.52996819202331,3141.108282304757,50.72263027160122
2024-01-08 23:00:00,23,0,13.085585309779592,4.790864884583305,3395.5591659688002,50.41472915429415
2024-01-09 00:00:00,0,1,11.97127569490322,5.341784661600239,3241.088786721887,54.224498322769165
2024-01-09 01:00:00,1,1,9.051610649218837,4.834660234604774,3196.218118010478,56.07849654487142
2024-01-09 02:00:00,2,1,11.889450058345176,6.6059719926932,3242.015833554892,60.92561751310171
2024-01-09 03:00:00,3,1,12.313722966100485,6.544838827990023,3120.850942426313,62.51932692995369
2024-01-09 04:00:00,4,1,9.775373334240546,6.5474122379457755,3108.2569618010566,61.869132288899934
2024-01-09 05:00:00,5,1,11.850538418533867,7.003545886249262,3112.0511056871032,60.084948253700574
2024-01-09 06:00:00,6,1,11.659505643534812,6.1118823835508405,3034.8341739246125,61.158598541797424
2024-01-09 07:00:00,7,1,9.257147610981566,7.136178058318472,2832.571279826681,61.127339193270245
2024-01-09 08:00:00,8,1,12.25866292733938,6.217365053477842,2801.2294627051256,60.83190404538929
2024-01-09 09:00:00,9,1,12.66465725937928,5.737878419451327,2895.30126612106,60.9926681039284
2024-01-09 10:00:00,10,1,13.709190692993367,5.238820406891055,2789.8323906380624,60.26297217967784
2024-01-09 11:00:00,11,1,13.650692310712618,6.073982277700005,2917.7287560481336,55.552283381272744
2024-01-09 12:00:00,12,1,8.787749470728631,4.685368303153606,2818.0128173741527,53.165823372995085
2024-01-09 13:00:00,13,1,9.667438126812566,5.249225764753208,2824.6515589692735,50.95917747326847
2024-01-09 14:00:00,14,1,12.573158741060132,3.732099268473852,2601.405523819088,46.56973306989664
2024-01-09 15:00:00,15,1,12.57066010846723,2.7321074588304324,2864.2540008073775,43.270204424499326
2024-01-09 16:00:00,16,1,12.573183579254907,2.709686972456794,2844.689319830309,39.19088127951716
2024-01-09 17:00:00,17,1,19.248551187952256,3.6860541574253327,2867.2561061154192,41.372742672172365
2024-01-09 18:00:00,18,1,12.684869228029147,2.922050911031666,3016.801534053253,44.53688536909703
2024-01-09 19:00:00,19,1,13.81421948700401,2.7940046991765626,3172.1668669919045,41.34945643228428
2024-01-09 20:00:00,20,1,13.451091733629216,3.347958305357517,3200.083159100421,43.74377385917146
2024-01-09 21:00:00,21,1,12.845870709254408,3.836677805710677,3124.284654221758,47.44567505966514
2024-01-09 22:00:00,22,1,10.91254971736212,4.558699407951229,3334.0535124945936,49.679517498561665
2024-01-09 23:00:00,23,1,13.061026647629348,5.20661152474142,3226.0189936791244,47.290660001770334
2024-01-10 00:00:00,0,2,10.167281012739632,4.820115677105457,3321.668311896429,51.87857339957935
2024-01-10 01:00:00,1,2,11.239294228334758,4.854614247164022,3259.442741139007,54.857636049310095
2024-01-10 02:00:00,2,2,10.74220434615657,5.7932674194383615,3237.920995961769,50.49784575856275
2024-01-10 03:00:00,3,2,11.876679720587422,6.544353815664538,3288.756331860015,53.48695253316044
2024-01-10 04:00:00,4,2,16.342248575161793,6.250171344463571,3045.9806280184102,61.12092141750138
2024-01-10 05:00:00,5,2,7.97840105663128,6.453276195130615,3272.16522095845,58.106093029343214
2024-01-10 06:00:00,6,2,13.085451822563803,7.171893940774943,2817.8913930705503,52.228061487862874
2024-01-10 07:00:00,7,2,8.487499699435473,6.907525476792911,2862.587518143758,54.347609078911056
2024-01-10 08:00:00,8,2,10.769067710235909,6.748449305274671,2887.0211889941743,56.799540492545376
2024-01-10 09:00:00,9,2,13.890832635749508,6.03496589502306,2846.299382287567,52.469335191230094
2024-01-10 10:00:00,10,2,11.841491480005702,5.884799642897116,2730.144806807498,52.6471240183091
2024-01-10 11:00:00,11,2,9.557441885956164,5.05552151807089,2704.483181813125,51.57277442229437
2024-01-10 12:00:00,12,2,10.282324023294839,5.445099205562394,2741.055008532762,53.27415914232261
2024-01-10 13:00:00,13,2,13.072126939684129,4.999986577156835,2687.1153043675113,45.42784313050986
2024-01-10 14:00:00,14,2,10.252198178380503,3.076906068880954,2879.510504658159,47.1050207289367
2024-01-10 15:00:00,15,2,12.145848620978725,3.121031007530701,2871.802877067196,46.10260800446328
2024-01-10 16:00:00,16,2,11.804075121622404,2.5196845648860835,2937.2824351005634,44.53007030043027
2024-01-10 17:00:00,17,2,10.409730746603142,2.7431363802184143,2825.738614132202,40.08240084748446
2024-01-10 18:00:00,18,2,16.00081962046543,2.9582810151048196,2992.06115755943,32.997527886701505
2024-01-10 19:00:00,19,2,12.980769486450798,2.343325737572598,3047.5991186586857,40.61061166353933
2024-01-10 20:00:00,20,2,7.662646268499562,2.807019285868466,3049.4398624310534,43.372340955814664
2024-01-10 21:00:00,21,2,12.085840071353632,3.0838077515861553,3248.148452750541,41.573126202046694
2024-01-10 22:00:00,22,2,10.389358512278001,4.103633664699471,3206.04304535735,49.12114694044417
2024-01-10 23:00:00,23,2,13.417798111407224,4.517034078313082,3355.3181308717444,48.87870556359559
2024-01-11 00:00:00,0,3,10.29722562156704,4.639131223331374,3192.9808437105667,47.19997579194626
2024-01-11 01:00:00,1,3,11.652794215498643,5.606048526274741,3461.681809170903,51.342488245130625
2024-01-11 02:00:00,2,3,12.892241656393356,5.726659957706367,3170.1743552761254,51.49526521427054
2024-01-11 03:00:00,3,3,13.613777486772685,6.278386007210068,3234.062268076008,45.08779197416732
2024-01-11 04:00:00,4,3,9.481674284320889,7.568776852718146,3229.1859310388068,52.657992843921186
2024-01-11 05:00:00,5,3,11.213264626750545,7.60208217847331,3020.581670510745,58.74591800512214
2024-01-11 06:00:00,6,3,10.932376476110528,6.350209381536201,3085.246864343295,53.072381640193015
2024-01-11 07:00:00,7,3,10.575608633285018,7.346717861517724,2799.4359266892025,54.48399640766777
2024-01-11 08:00:00,8,3,15.413175578994636,7.137749084814674,2995.211769918256,51.02090075662308
2024-01-11 09:00:00,9,3,12.692230520354352,5.840081917996786,2789.2828921406117,57.91799125795868
2024-01-11 10:00:00,10,3,9.36049918976235,6.40938882187743,2680.55123806778,55.539633032741946
2024-01-11 11:00:00,11,3,13.717990992541994,6.286604049411319,2680.304074870536,45.43173942609093
2024-01-11 12:00:00,12,3,16.126579492457708,4.4387275968777935,2780.891926939272,45.93704966165515
2024-01-11 13:00:00,13,3,13.947197619534736,4.023610499287827,2651.7767229282354,40.865483066170555
2024-01-11 14:00:00,14,3,8.843527166524414,4.508830733421752,2665.2566099223905,42.33998957758204
2024-01-11 15:00:00,15,3,10.913798952699938,3.72153409303973,2765.7143058856614,39.95313708034942
2024-01-11 16:00:00,16,3,14.416089396805686,3.5436873300508847,2732.303788723003,39.270018337483314
2024-01-11 17:00:00,17,3,10.46692816719488,3.238442955622112,3104.4086772634255,36.831652740720884
2024-01-11 18:00:00,18,3,12.769905954724898,3.195347960464072,2943.360540878528,44.30137427965331
2024-01-11 19:00:00,19,3,13.431535205291116,2.404912283266322,3160.807392148796,32.752126102565
2024-01-11 20:00:00,20,3,10.028406155276276,3.791608045741847,3170.947008364777,31.703091559333977
2024-01-11 21:00:00,21,3,11.76321638630884,4.170581433840791,3113.6786293077676,37.244817246518046
2024-01-11 22:00:00,22,3,5.399732418294296,3.885304627965985,3259.2121502140585,35.791190863807095
2024-01-11 23:00:00,23,3,9.833491815763862,4.460623434888025,3368.1780258177955,38.42957839944471
2024-01-12 00:00:00,0,4,11.545908695899872,4.234446248722139,3281.173866491369,42.491211697894
2024-01-12 01:00:00,1,4,9.555478634756494,5.774765468213959,3409.089042471823,45.31677939521823
2024-01-12 02:00:00,2,4,15.315867606549464,6.286028720857072,3361.959160413518,47.63130135463772
2024-01-12 03:00:00,3,4,9.190762242764928,6.38311805387344,3304.023519821797,54.12088032368961
2024-01-12 04:00:00,4,4,11.170956025292226,7.294227487504128,3104.0343227727003,52.636842515076275
2024-01-12 05:00:00,5,4,12.312526153258375,6.7648130370881665,2969.6614687526076,54.615870198761144
2024-01-12 06:00:00,6,4,14.933591576818424,7.2823029629468,2938.6412394637205,58.17785398399071
2024-01-12 07:00:00,7,4,9.179320696327313,6.422019483232079,2941.978380535916,52.8554463490343
2024-01-12 08:00:00,8,4,14.377372502996112,6.720274732131759,2904.5786713532357,53.361772002218125
2024-01-12 09:00:00,9,4,12.071511120725367,6.327036433421677,2570.710825167991,53.663503430632126
2024-01-12 10:00:00,10,4,10.088027696590292,6.112653961020471,2739.381058703493,44.670452258627236
2024-01-12 11:00:00,11,4,12.975251947212733,5.332874625788363,2726.0311746455977,40.928629584661365
2024-01-12 12:00:00,12,4,12.449164389833133,4.934263702164166,2672.245574368445,46.53350764688107
2024-01-12 13:00:00,13,4,10.850611244368602,4.895385495515711,2839.3496360148674,44.383008051163394
2024-01-12 14:00:00,14,4,12.19064916866623,3.781617881380892,2782.370386289755,46.68781606504513
2024-01-12 15:00:00,15,4,11.280417804962672,2.7824978872575663,2918.887156452125,38.89837247622287
2024-01-12 16:00:00,16,4,12.278079689188688,4.142741144533834,2828.403947964977,39.294120774417806
2024-01-12 17:00:00,17,4,13.375306347728285,3.758875386767107,3016.1020357199363,35.2494794668393
2024-01-12 18:00:00,18,4,15.223078630976897,2.353868652447191,3163.506639452752,36.386837325243164
2024-01-12 19:00:00,19,4,9.575414001032495,3.4130022500444603,3208.815058458022,40.83766792284582
2024-01-12 20:00:00,20,4,16.317111747998727,3.0164618071554514,3040.7858406571268,30.462923168266613
2024-01-12 21:00:00,21,4,8.146869399641188,3.7175300452924342,3186.764426601726,39.66493662133747
2024-01-12 22:00:00,22,4,11.747474808615026,4.147112064506746,3225.2911505903517,46.901915850719995
2024-01-12 23:00:00,23,4,13.227679411655345,4.3651580096367955,3338.7032013943535,43.75306786709072
2024-01-13 00:00:00,0,5,12.781198865511719,4.608117167206801,3368.6353555014534,53.839114219916965
2024-01-13 01:00:00,1,5,10.973816090400467,5.172367564046912,3205.888480484147,49.587949332655306
2024-01-13 02:00:00,2,5,11.802970629327104,5.541904042259379,3266.5914725270254,53.791252847727286
2024-01-13 03:00:00,3,5,11.23321326072399,5.998302458257872,3010.1393011403507,56.05903724924966
2024-01-13 04:00:00,4,5,11.04048561615323,6.698461662544199,3294.194500580189,50.89487612998649
2024-01-13 05:00:00,5,5,13.918419324083704,6.57397165802276,3026.408289463087,55.0421201095585
2024-01-13 06:00:00,6,5,12.933246101971749,7.34102603285631,3005.58639398445,55.596770092066464
2024-01-13 07:00:00,7,5,10.833395939520345,7.6754747302461,2891.389315070438,61.01285182720669
2024-01-13 08:00:00,8,5,14.018414880908155,6.442024186883856,2964.6027575013413,60.16410868511498
2024-01-13 09:00:00,9,5,12.833814171794872,6.5339158126407835,2504.117321504298,56.9305724702035
2024-01-13 10:00:00,10,5,13.844939367719574,6.249842555151467,2738.5313446320774,56.35970402078554
2024-01-13 11:00:00,11,5,13.478472813888878,5.75363922566468,2699.6403763635094,50.983137543078314
2024-01-13 12:00:00,12,5,10.56122510819751,5.037977633958044,2654.636361240832,52.49319033883705
2024-01-13 13:00:00,13,5,11.098853049647715,4.85370311897482,2882.8449066768426,46.325570207089434
2024-01-13 14:00:00,14,5,13.713802340288177,4.241124476340329,2651.459432979091,44.060987472498695
2024-01-13 15:00:00,15,5,13.439955660908584,2.966955226463257,2865.0475833676014,41.01954961856572
2024-01-13 16:00:00,16,5,12.177411942113357,3.7025272246257597,2885.6252788706083,42.280492725283324
2024-01-13 17:00:00,17,5,12.453869896659217,3.5117937660552347,3048.506211722796,37.96454061748901
2024-01-13 18:00:00,18,5,14.774544921618503,2.6183569479107094,2933.2810915222494,41.81668946181263
2024-01-13 19:00:00,19,5,11.036072352369994,3.087117265145664,3004.3488236183803,35.831689645179715
2024-01-13 20:00:00,20,5,13.31340989238173,3.6096136888366575,3259.60699074774,36.93039252818946
2024-01-13 21:00:00,21,5,11.814829825173867,3.481129527837224,3254.6641651889754,43.87860778373246
2024-01-13 22:00:00,22,5,11.783852723587213,4.536489023883005,3105.3138864676557,43.62176268646938
2024-01-13 23:00:00,23,5,14.416768834016034,5.664298157104637,3235.8472464403935,44.937530630733825
2024-01-14 00:00:00,0,6,14.037560358035561,4.607006983682509,3338.638265384806,55.787622206720044
2024-01-14 01:00:00,1,6,14.013746932060778,4.827115788628154,3373.5541700413796,53.88385521806062
2024-01-14 02:00:00,2,6,14.997685274368159,6.151909297802438,3191.8845558160365,57.516845246392556
2024-01-14 03:00:00,3,6,12.42873534332502,6.774994814936167,2920.70643537427,64.38620067137262
2024-01-14 04:00:00,4,6,13.75063360264943,6.616617620646492,3202.3223185737033,66.39513008457
2024-01-14 05:00:00,5,6,11.76619414687259,7.658481984238653,2955.613644536359,67.49390190299533
2024-01-14 06:00:00,6,6,13.035060365036385,6.330697100138376,2798.266120187759,62.27107167849193
2024-01-14 07:00:00,7,6,12.126441551324131,7.278310964093942,2639.12169397083,66.46881598713776
2024-01-14 08:00:00,8,6,12.580719590044938,6.429120397189431,2931.398086019774,58.93084456383202
2024-01-14 09:00:00,9,6,13.577041710933328,7.273902515476744,2800.7297106845326,57.467808196992955
2024-01-14 10:00:00,10,6,10.750286293592556,6.996257676584059,2717.626740793443,51.06608145142058
2024-01-14 11:00:00,11,6,16.57150221143042,5.134309796313368,2849.1246884095553,60.724244066014464
2024-01-14 12:00:00,12,6,10.374692897060097,4.72522143204571,2763.732468302307,50.52550946206543
2024-01-14 13:00:00,13,6,9.958350434484036,4.91215585328486,2871.8522563854713,50.14966081902728
2024-01-14 14:00:00,14,6,14.702949407059636,3.8064346751052436,2600.9188316479685,45.38647598350882
2024-01-14 15:00:00,15,6,13.970053047985372,3.563080828660787,2784.412903248639,48.131876942418614
2024-01-14 16:00:00,16,6,13.634967294163811,3.2806434027023283,2688.3286625051987,43.33029398929726
2024-01-14 17:00:00,17,6,13.643418678588061,2.1083117693230355,2899.4160532836972,39.54374007510414
2024-01-14 18:00:00,18,6,12.362234114365672,2.993081126952881,2975.138414623332,44.44243670185185
2024-01-14 19:00:00,19,6,10.592218917087838,2.723284460389776,3140.307077257063,39.15700067197229
2024-01-14 20:00:00,20,6,12.538336776446954,3.021387781231237,3154.5563881141898,41.94497779550281
2024-01-14 21:00:00,21,6,11.032404237035278,4.307602439361312,3274.472748183956,39.72571385354995
2024-01-14 22:00:00,22,6,14.336967126895003,3.3717465528603707,3330.1516344492206,43.845574672700835
2024-01-14 23:00:00,23,6,12.092612897055224,4.888964503168945,3505.2706156250347,51.06484606742988
2024-01-15 00:00:00,0,0,10.902538557576847,4.860518534834096,3268.4703344713876,49.106391885691224
2024-01-15 01:00:00,1,0,11.910761267855882,5.377758005957125,3195.6754778200825,53.144753277160056
2024-01-15 02:00:00,2,0,13.379395859713119,6.395185948025856,3284.415982666973,59.99289325160158
2024-01-15 03:00:00,3,0,11.42608384555392,6.58423920965754,3131.9040316420096,60.44024712358632
2024-01-15 04:00:00,4,0,10.909092160029006,7.017357306178642,3298.196076843654,69.63636394572231
2024-01-15 05:00:00,5,0,13.040907374145695,7.415943982844567,3049.323909636233,70.16094790096382
2024-01-15 06:00:00,6,0,13.043466093379315,6.834345808408338,2943.442363212601,62.39623261174654
2024-01-15 07:00:00,7,0,11.53964660041961,6.625733285324261,2875.222714354132,66.33067111810114
2024-01-15 08:00:00,8,0,11.611456339925224,6.189475544289978,2921.841742347164,65.90810170848275
2024-01-15 09:00:00,9,0,13.017632825877142,6.001508297383618,2772.093267320887,60.27863123779227
2024-01-15 10:00:00,10,0,9.657364268167221,7.474547212654363,2676.02569685163,55.51337539050539
2024-01-15 11:00:00,11,0,9.738605402408758,6.1399778805734355,2876.7574438756324,57.55129510310104
2024-01-15 12:00:00,12,0,11.116644508656998,4.3244628168959895,2614.383015933825,54.48146297555767
2024-01-15 13:00:00,13,0,12.126638647738176,3.8211329314231737,2713.778859516579,51.104516058062934
2024-01-15 14:00:00,14,0,13.175348082357878,4.240933030859247,2805.4229940256914,51.326950604493454
2024-01-15 15:00:00,15,0,15.504245385060974,3.8594188363158892,2624.7344546023282,45.67674336711774
2024-01-15 16:00:00,16,0,14.26885219756591,3.5423911100898056,2898.0260501405924,42.88375331941819
2024-01-15 17:00:00,17,0,12.233655891235015,2.9406704506450145,2816.843518921199,45.66799064815881
2024-01-15 18:00:00,18,0,12.515500535356493,2.9372728699985498,3082.2782780834004,46.15791027770663
2024-01-15 19:00:00,19,0,10.548474221886252,3.2320881095015417,2981.3806123388586,41.81080690540915
2024-01-15 20:00:00,20,0,12.51650667917709,3.310895695577788,3219.276903184886,49.124017795128864
2024-01-15 21:00:00,21,0,11.976215673321594,2.476136251253137,3322.7153409854354,42.61748877480629
2024-01-15 22:00:00,22,0,13.19897007183805,3.8851001847124023,3345.9512736986117,48.26565962385306
2024-01-15 23:00:00,23,0,10.899071064057225,4.0566586926648,3314.909412710531,51.63778394038196
2024-01-16 00:00:00,0,1,13.758274603823399,5.087605709454256,3276.86990570703,51.20877787133787
2024-01-16 01:00:00,1,1,15.78505940134621,7.0102675915067465,3232.1357902532363,54.010458039665295
2024-01-16 02:00:00,2,1,12.50206127842734,6.183740832737152,3406.9110902170423,63.73067245621801
2024-01-16 03:00:00,3,1,13.523005019538937,6.257448719286896,3142.1825123392,57.63586455404244
2024-01-16 04:00:00,4,1,14.09986955876328,7.192951558557503,3046.2933926430005,69.10136821455379
2024-01-16 05:00:00,5,1,11.917140631569382,7.173195596182743,3144.1826070340394,64.0880876113775
2024-01-16 06:00:00,6,1,13.167766538961889,7.210047245225921,2920.3863196813504,63.39361442122964
2024-01-16 07:00:00,7,1,12.744766376904645,7.235276949185972,2827.3479367226314,64.20542833234734
2024-01-16 08:00:00,8,1,12.914933772438719,7.760322589983648,2705.6395737830235,69.36748629489391
2024-01-16 09:00:00,9,1,11.173562007630121,5.848769344710137,2739.576981697984,57.207737809364794
2024-01-16 10:00:00,10,1,12.76860192385894,6.236816038405728,2731.9208764750188,54.756195252484495
2024-01-16 11:00:00,11,1,13.715578157831954,5.0544475252142735,2734.5314248793493,53.44104087060312
2024-01-16 12:00:00,12,1,15.621868790931138,5.277756323171124,2795.1306244299485,53.213878450187345
2024-01-16 13:00:00,13,1,14.638123227511468,4.023018654051912,2762.9120444798587,45.351945183830736
2024-01-16 14:00:00,14,1,17.025946490364166,3.791316593197459,2721.10515690935,48.184466727249486
2024-01-16 15:00:00,15,1,11.184886449564956,3.4382414805079526,2768.0483980060635,51.12702259766921
2024-01-16 16:00:00,16,1,14.464222848782411,3.755857552103478,2901.015746891518,44.91141714332362
2024-01-16 17:00:00,17,1,13.086265586817758,3.5273755693930706,3049.611302762101,42.58013436947715
2024-01-16 18:00:00,18,1,17.0991874417764,2.377141311776808,3012.63141994832,41.26296766324278
2024-01-16 19:00:00,19,1,11.102985004630751,3.0956154029217875,3030.7326281097153,46.15372586005767
2024-01-16 20:00:00,20,1,11.040137890979503,2.9131592650565366,3050.7133998914455,41.97969665173514
2024-01-16 21:00:00,21,1,11.52079628445301,2.9565339822892374,3067.6115079147417,51.58556895922593
2024-01-16 22:00:00,22,1,8.47179012672144,3.8914914747878138,3326.4345883396836,53.91752825243673
2024-01-16 23:00:00,23,1,11.668071531979532,4.328120515567047,3347.5756002506764,51.29951095425381
2024-01-17 00:00:00,0,2,11.366559005698694,6.213358243172761,3357.736352510666,48.85285006598849
2024-01-17 01:00:00,1,2,13.185611901758506,5.734118002885389,3276.911803251515,54.567565205968315
2024-01-17 02:00:00,2,2,13.568336280360409,5.3111912496228815,3400.5010957245067,57.1717908369004
2024-01-17 03:00:00,3,2,16.637166007237862,6.131826560287624,3163.7201848974823,53.54048794890566
2024-01-17 04:00:00,4,2,14.78567200517819,7.242742455283576,3245.5269237207203,55.9679839686527
2024-01-17 05:00:00,5,2,11.731017017481284,7.976073039013099,3073.7714240318023,54.57961128905923
2024-01-17 06:00:00,6,2,11.087994986109374,6.207008343881021,2939.164923532066,60.114590145220596
2024-01-17 07:00:00,7,2,13.868662671819102,5.991889460008614,2981.60731720102,60.54653724347978
2024-01-17 08:00:00,8,2,10.244357914764805,7.667533395254769,2890.9636118683993,53.497872454479
2024-01-17 09:00:00,9,2,16.547741860514797,6.609020651058547,2823.5652415707286,54.59286642763542
2024-01-17 10:00:00,10,2,15.243704570248664,5.565853634061817,2748.320221070288,49.84563357747437
2024-01-17 11:00:00,11,2,11.946473024596681,5.78495263326626,2706.4329439415965,48.77918635051213
2024-01-17 12:00:00,12,2,9.458555270624334,3.682126130491561,2938.837199287044,50.540446510897326
2024-01-17 13:00:00,13,2,15.592569077136915,4.484049663093539,2828.647916632897,44.09875867915839
2024-01-17 14:00:00,14,2,12.655744638300854,4.163910586421544,2812.475068363219,42.98491746212153
2024-01-17 15:00:00,15,2,15.360456952753013,4.047921507395821,2799.0478814643743,36.93439233451102
2024-01-17 16:00:00,16,2,9.695969011217356,2.7610012162848543,2950.715720059667,40.78811192154804
2024-01-17 17:00:00,17,2,11.686074282898545,3.110991928123543,2974.153764108389,39.095317107793804
2024-01-17 18:00:00,18,2,12.895311728242456,2.537287686970206,3002.620475277404,36.70051758011894
2024-01-17 19:00:00,19,2,12.978785516335574,3.1958402252590217,3047.2892810041644,38.661094174280315
2024-01-17 20:00:00,20,2,11.984693385847603,2.8202760312496107,3141.908266233731,40.768025933884374
2024-01-17 21:00:00,21,2,14.130524193501088,3.3817360180467944,2895.0894607681585,39.37172307162491
2024-01-17 22:00:00,22,2,10.749583470040902,3.5020923026048845,3280.8677050650954,39.458607698213086
2024-01-17 23:00:00,23,2,12.600065358763503,4.807930030706785,3240.9301398756847,51.71592817725366
2024-01-18 00:00:00,0,3,13.28980350998669,5.429225558328333,3459.2669998282886,43.59533754635709
2024-01-18 01:00:00,1,3,14.07808991468039,5.400327805226334,3291.712154967896,47.79306580195244
2024-01-18 02:00:00,2,3,14.47244200274067,6.019118997480014,3140.9112791818357,53.527674865548846
2024-01-18 03:00:00,3,3,10.799928062887153,5.689917855056323,3207.1440189431523,63.15338903506483
2024-01-18 04:00:00,4,3,9.980983905091648,6.582212483565483,3045.3878914937495,50.42195034866569
2024-01-18 05:00:00,5,3,15.60456589035991,6.906749344057264,3124.986455102003,56.503895564558114
2024-01-18 06:00:00,6,3,13.713840270522075,8.310396545514987,3029.0947364339486,53.372498804605584
2024-01-18 07:00:00,7,3,11.552239173449784,6.375868139691055,3018.138249580071,53.538043009648455
2024-01-18 08:00:00,8,3,16.151516197607936,7.4641394269450965,2770.9118208305435,51.99477363531192
2024-01-18 09:00:00,9,3,13.280561515148609,6.912642949105999,2791.2687752668508,49.18925856895162
2024-01-18 10:00:00,10,3,15.407806614690545,6.140318202245068,2603.6901993220044,50.37128157513392
2024-01-18 11:00:00,11,3,13.18424920938311,6.396948332302609,2780.371730305751,43.65983805036841
2024-01-18 12:00:00,12,3,17.170708096326866,5.186052736303432,2751.8871180440124,48.33557836002351
2024-01-18 13:00:00,13,3,16.559893931449302,4.676941507628923,2759.8027542160366,43.07197401756282
2024-01-18 14:00:00,14,3,12.551283949604745,3.973439673491228,2740.354282000362,41.76246057919222
2024-01-18 15:00:00,15,3,14.992354148471602,4.19757087883622,2829.3452547229144,37.02552201278377
2024-01-18 16:00:00,16,3,14.339964145733187,3.816183809336565,3010.4339108308595,35.733289820008274
2024-01-18 17:00:00,17,3,15.78647536162759,2.7553097036737575,2893.8448607650425,36.6985891130992
2024-01-18 18:00:00,18,3,11.119365325402683,2.3403764027006164,3013.8645183710087,32.00300376327043
2024-01-18 19:00:00,19,3,14.42131516655977,2.9666580287240345,2969.033083612615,34.76192609435721
2024-01-18 20:00:00,20,3,15.166061220262067,2.8679299102322995,3063.173903840167,34.256061081008156
2024-01-18 21:00:00,21,3,9.531733273716663,3.554024150319227,3221.913363665295,35.75238141684938
2024-01-18 22:00:00,22,3,10.682695221231342,4.618719067342068,3370.200975805522,34.16564093861097
2024-01-18 23:00:00,23,3,8.970747891042691,4.253711082251562,3264.1496654615635,46.92494497790269
2024-01-19 00:00:00,0,4,12.673882948034528,4.978588309344213,3276.4083470687874,43.435539401026595
2024-01-19 01:00:00,1,4,14.647781128515568,5.546649457609239,3249.089223436283,51.57347427700376
2024-01-19 02:00:00,2,4,16.2174107211157,6.424215441102643,3206.3319540508996,53.70153262467078
2024-01-19 03:00:00,3,4,13.360886177763195,5.2907688953807925,3241.6291799268465,48.708224352803896
2024-01-19 04:00:00,4,4,16.469927708066226,6.428700660186228,3000.2742354821357,50.89017599131375
2024-01-19 05:00:00,5,4,10.45249370049386,7.037493498717873,3205.7396711974293,62.83592280144563
2024-01-19 06:00:00,6,4,9.805931738213335,7.60003947821343,2933.457770187054,60.74793348626933
2024-01-19 07:00:00,7,4,13.101601219130407,6.685900428825033,2994.5446350130583,55.05985838339427
2024-01-19 08:00:00,8,4,13.98082751480226,5.793774454547941,2723.0001402606126,54.92752901758434
2024-01-19 09:00:00,9,4,13.147307120735459,6.724069285356163,2854.7519786986577,50.67368426351181
2024-01-19 10:00:00,10,4,9.07781241684389,5.682318805587185,2807.386839646118,51.79221380308892
2024-01-19 11:00:00,11,4,13.034456537898068,4.9228047606598615,2748.642459313869,45.9318004093457
2024-01-19 12:00:00,12,4,10.603757615913938,4.687827305143388,2600.557147820021,39.39809436759275
2024-01-19 13:00:00,13,4,14.552041714583721,4.390099230967034,2735.177071073087,38.942297849929545
2024-01-19 14:00:00,14,4,13.94589310911734,3.6976276677308944,2621.8867603912295,40.55843390403967
2024-01-19 15:00:00,15,4,11.332937044268933,2.483003409077371,2762.591640134417,35.030886142114674
2024-01-19 16:00:00,16,4,12.184962782250256,3.7164822908746893,2952.9413100955326,36.633069227902915
2024-01-19 17:00:00,17,4,11.094269573145741,3.705585868061225,3002.0244791763184,32.61191427929863
2024-01-19 18:00:00,18,4,13.0873384223773,3.3257609956697527,3001.518294254043,33.14809389298192
2024-01-19 19:00:00,19,4,15.12298125792612,2.499305512209455,2980.1650559384716,38.39539331683679
2024-01-19 20:00:00,20,4,11.241244524252556,3.1672034254573638,3214.5587712174192,37.57734326556383
2024-01-19 21:00:00,21,4,14.220789647959332,3.5825257800121757,3214.0701581257667,38.39509458468238
2024-01-19 22:00:00,22,4,12.152181380178762,4.299397194780954,3027.776061312289,43.13204757969985
2024-01-19 23:00:00,23,4,11.626950952398955,4.816532154153997,3368.0407305183726,44.348790989504735
2024-01-20 00:00:00,0,5,13.161168276032017,4.632913100610752,3297.576716613031,53.22708520397253
2024-01-20 01:00:00,1,5,11.304744351102384,5.558635868411821,3410.022872685028,50.09600799429821
2024-01-20 02:00:00,2,5,12.267930385246768,6.228640202307621,3150.2805692510515,52.598490394635895
2024-01-20 03:00:00,3,5,10.979473210763436,7.142124723446479,2894.461653036364,52.055135342909864
2024-01-20 04:00:00,4,5,17.30467926177391,7.084304077481239,3177.9083858345184,56.260707215945544
2024-01-20 05:00:00,5,5,13.445756099884589,7.326379996265896,3106.8020811989536,61.44096327601644
2024-01-20 06:00:00,6,5,11.97577797995596,7.04191331396468,2830.9328372393547,62.78735744700483
2024-01-20 07:00:00,7,5,13.803188817409577,7.637081225179888,2824.5043318825833,61.42756909736911
2024-01-20 08:00:00,8,5,13.150572896559472,6.936932205548627,3125.52177437199,52.1650737684145
2024-01-20 09:00:00,9,5,12.933289796874686,5.98366960728631,2757.3069042286556,59.2078987800661
2024-01-20 10:00:00,10,5,14.603562396027982,6.701684985062595,2813.2882765022896,48.371839460402214
2024-01-20 11:00:00,11,5,14.890244416035742,5.866589726474556,2645.156269376441,54.16993775361068
2024-01-20 12:00:00,12,5,12.314226700720077,4.778477989435759,2490.9697101146844,47.78404175050526
2024-01-20 13:00:00,13,5,12.223592514651772,4.242615426095337,2693.1964274336888,48.406804820994786
2024-01-20 14:00:00,14,5,12.825125601637843,4.148287772570382,2713.6319228360576,39.89005028653473
2024-01-20 15:00:00,15,5,8.771386666469962,3.8173788352606985,2747.8801417771983,45.329830416471395
2024-01-20 16:00:00,16,5,10.344846871544028,3.3665953252467267,2838.5359164493607,35.83221705405938
2024-01-20 17:00:00,17,5,16.10897753083018,3.223802684143306,2948.7811136338078,37.22277233476821
2024-01-20 18:00:00,18,5,16.6651644229437,3.84997868728819,2984.988304874619,35.89311144691132
2024-01-20 19:00:00,19,5,12.877156916828376,3.603919923539306,2951.2450967360196,33.96528250886024
2024-01-20 20:00:00,20,5,14.528342922052666,3.3632669880636348,3198.618479156194,40.51072399513945
2024-01-20 21:00:00,21,5,13.997729305028205,4.056441728010646,3017.194858823722,47.234594871863834
2024-01-20 22:00:00,22,5,19.532990612851606,3.4837380482362295,3054.7718754069115,51.888110997178444
2024-01-20 23:00:00,23,5,15.614378818810286,4.681325434768361,3363.6957973568774,46.59067224045196
2024-01-21 00:00:00,0,6,13.280926038802182,5.904653174866555,3350.7020272135355,56.467492834496234
2024-01-21 01:00:00,1,6,11.625680340562864,5.408615142508855,3284.038211379317,56.401923374104484
2024-01-21 02:00:00,2,6,10.32386858124857,5.576183035690457,3120.2627706598246,59.6140985935983
2024-01-21 03:00:00,3,6,13.943688493498161,6.088169118076564,3141.340940288557,59.16207086777742
2024-01-21 04:00:00,4,6,12.02405973119511,6.187234288897683,3123.7253252313494,62.362933823405854
2024-01-21 05:00:00,5,6,10.692253802568366,6.539470698514284,2918.056316673345,64.38914338600364
2024-01-21 06:00:00,6,6,12.243615453278663,6.814745950704985,2926.0971341976765,61.38206982266467
2024-01-21 07:00:00,7,6,11.373665214534926,6.229068142988815,2987.587320286912,62.54422437250538
2024-01-21 08:00:00,8,6,16.911044491908847,6.73985997454368,2992.730536428922,61.60241269014559
2024-01-21 09:00:00,9,6,15.300040735662616,6.8653521492664185,2745.924490378181,62.66772677315071
2024-01-21 10:00:00,10,6,13.52081593913048,5.54612190992654,2815.841214296278,54.919352494410624
2024-01-21 11:00:00,11,6,16.496649499543768,6.277280052025927,2518.816245054533,55.55101283449592
2024-01-21 12:00:00,12,6,13.691497837058952,5.255396044263797,2765.945124111361,58.853465416451755
2024-01-21 13:00:00,13,6,11.814192819107188,4.997652202606988,2629.8274106405315,54.02143901602627
2024-01-21 14:00:00,14,6,16.58300937630303,3.6710827230739325,2770.9269405354653,52.16498615595978
2024-01-21 15:00:00,15,6,14.614581309133033,4.0130490511602135,2763.0927238200643,46.1196767179623
2024-01-21 16:00:00,16,6,11.462268913110803,2.7219822422334667,2982.0414009783835,45.42018766250735
2024-01-21 17:00:00,17,6,13.156083865596498,3.513272097840118,2834.9107216352522,46.46489924651176
2024-01-21 18:00:00,18,6,11.785524714994201,3.0859196698967657,3062.7606297561833,47.798215597886454
2024-01-21 19:00:00,19,6,10.771161759835042,3.344773957414255,3049.694967201103,37.60338200775432
2024-01-21 20:00:00,20,6,15.389116316826998,2.680151889618697,3134.1694521990335,40.51087105029975
2024-01-21 21:00:00,21,6,17.355594502703976,3.1382515164886025,3193.7466450400434,49.97471350163613
2024-01-21 22:00:00,22,6,10.739626074125432,4.298614109126691,3175.24031068592,47.286780941987246
2024-01-21 23:00:00,23,6,14.662699695144857,4.008187907682856,3288.3678512960532,48.51409619049422
2024-01-22 00:00:00,0,0,12.395960290663076,5.231603146049562,3293.735177787818,51.23751703901319
2024-01-22 01:00:00,1,0,12.722994661377339,4.834069186974919,3313.9017727273936,55.92314034639288
2024-01-22 02:00:00,2,0,12.512457580428993,6.424087106333334,3268.258135704618,55.79289214972852
2024-01-22 03:00:00,3,0,11.969263889547099,5.797951904988841,3291.9314893171877,68.3443506300629
2024-01-22 04:00:00,4,0,13.794288684796385,7.008200776408638,3242.350861604737,63.592945881902665
2024-01-22 05:00:00,5,0,12.035345196084656,7.244667119401137,2972.5833813479762,64.48540663760254
2024-01-22 06:00:00,6,0,14.238159080466408,6.651614090785213,3086.877250059077,66.7642300255035
2024-01-22 07:00:00,7,0,13.596769210008457,7.2228649361205,2803.7206437582586,67.5462937706904
2024-01-22 08:00:00,8,0,13.219349335173911,6.862271939235655,2908.7855888137733,66.4979185075083
2024-01-22 09:00:00,9,0,11.882118104823535,6.144792634276726,2849.8418441143226,65.2919336435882
2024-01-22 10:00:00,10,0,12.543702767770066,5.495722657961896,2549.0606896984177,58.10746334762743
2024-01-22 11:00:00,11,0,15.208027880558243,4.5363252443687525,2719.52017676622,56.69459003615463
2024-01-22 12:00:00,12,0,14.699079804155492,5.174825023649847,2653.1503886639684,57.30709496632683
2024-01-22 13:00:00,13,0,11.74213493930963,3.699960524113931,2634.345726319742,50.829642364055935
2024-01-22 14:00:00,14,0,13.895910039765182,4.047672099720655,2875.2776119345685,49.98468010391832
2024-01-22 15:00:00,15,0,15.20001967565031,3.4540623295857813,2722.5000515802935,49.12522348140897
2024-01-22 16:00:00,16,0,10.358434866663988,3.607520580150221,2769.362307088195,48.69530120908675
2024-01-22 17:00:00,17,0,14.783965813666601,2.9171255976769315,2929.923780469753,40.00769884999872
2024-01-22 18:00:00,18,0,12.371997911015038,2.8352761068264543,3068.5589746298415,47.14423694966683
2024-01-22 19:00:00,19,0,14.83844276609305,3.434083699566011,3063.480854929743,44.63956956355413
2024-01-22 20:00:00,20,0,12.170727115821698,3.4354782069731815,3266.637054566925,48.46211909474876
2024-01-22 21:00:00,21,0,10.087481227577694,3.743864416218294,3265.229600552373,50.25972726519901
2024-01-22 22:00:00,22,0,10.442160553140406,4.234633794904262,3041.9864891621883,54.82374518335747
2024-01-22 23:00:00,23,0,13.793415322229496,3.7145758481914037,3236.83105153602,56.4721704918384
2024-01-23 00:00:00,0,1,14.376079065879035,5.378394339993491,3243.8157900648303,57.157163997124556
2024-01-23 01:00:00,1,1,12.048000812227253,5.823872487211843,3337.713843229663,60.03665041781758
2024-01-23 02:00:00,2,1,15.133818979990817,5.491658435711751,2997.3259154979205,58.9915859637415
2024-01-23 03:00:00,3,1,10.53359393789815,6.292173325535995,3467.0330052277363,60.28507208226966
2024-01-23 04:00:00,4,1,13.724474465141437,6.712397163755061,3203.102609489421,64.39615429667305
2024-01-23 05:00:00,5,1,11.434601662911156,6.86460326037727,3092.5333939225256,64.97295012648341
2024-01-23 06:00:00,6,1,12.552961846831751,7.166929983284267,3118.1567716419145,62.19025029907888
2024-01-23 07:00:00,7,1,13.951431405068899,7.647535043493728,3156.7196917505066,63.99117749860915
2024-01-23 08:00:00,8,1,12.135807331868165,7.272934171405292,2937.0746644588403,61.67241364678427
2024-01-23 09:00:00,9,1,13.08752297397642,5.758103965657392,2882.749275291198,57.62671809577897
2024-01-23 10:00:00,10,1,15.869219680864951,6.311034995153024,2753.2613813111066,61.988831233422715
2024-01-23 11:00:00,11,1,12.702850323389773,6.182104749972747,2696.0696767765844,55.871237187909145
2024-01-23 12:00:00,12,1,15.528018286566354,5.193404260344601,2652.4204555995098,59.26357378239022
2024-01-23 13:00:00,13,1,11.597220353120834,5.027852122387942,2627.611052941825,45.65278174766896
2024-01-23 14:00:00,14,1,14.916242418266636,5.006135222850384,2671.490968894718,46.44711269076357
2024-01-23 15:00:00,15,1,16.739771303751873,4.097641210680397,2652.812369209737,46.14429770750081
2024-01-23 16:00:00,16,1,8.913345062181492,3.3926034902519877,2842.412854931498,47.86933826433602
2024-01-23 17:00:00,17,1,12.262843551495116,3.5906925844642403,2753.8875287466053,44.65659886420954
2024-01-23 18:00:00,18,1,15.01077831679715,3.0724439165484454,3019.091652414371,44.04886727183592
2024-01-23 19:00:00,19,1,13.450543290350085,3.080099869064341,3074.012652726522,40.07639936874054
2024-01-23 20:00:00,20,1,14.598925809178688,3.0922420745742567,3164.693529838669,40.98637077976087
2024-01-23 21:00:00,21,1,12.64866368900443,4.367493117042959,3159.918877353965,47.0138951782979
2024-01-23 22:00:00,22,1,14.02981363738187,3.5907856670289986,3567.4936581533816,44.02513102783858
2024-01-23 23:00:00,23,1,13.54527959165191,5.2485457721340145,3425.789337904752,48.93362530740047
2024-01-24 00:00:00,0,2,16.350444015379345,5.249932061870186,3175.545749991528,50.390147317476
2024-01-24 01:00:00,1,2,14.523721578662157,4.817985002804071,3313.0645566294106,48.52861296441331
2024-01-24 02:00:00,2,2,14.690085216210134,6.183824646495711,3199.0070068415994,58.70346321730384
2024-01-24 03:00:00,3,2,13.191125959814794,5.364200308547283,3110.684061685223,59.63027217479757
2024-01-24 04:00:00,4,2,13.039667443914743,7.044804815984395,3015.9927928876064,52.83338937304791
2024-01-24 05:00:00,5,2,13.149763516420489,7.3744673940726315,3120.867382606682,55.74953986356315
2024-01-24 06:00:00,6,2,14.803784176816324,6.7038220221739735,2931.8619764930427,52.03006359673358
2024-01-24 07:00:00,7,2,13.172910930419203,6.993625500555927,3019.1368888717643,56.19887950546472
2024-01-24 08:00:00,8,2,14.594429605852556,7.7091295244440206,2949.378221453044,59.84681479778002
2024-01-24 09:00:00,9,2,18.165681489350607,6.161340210242127,2925.259404165181,54.71677831525933
2024-01-24 10:00:00,10,2,15.757129298923115,5.4705462064717,2654.9537022572576,55.269787061066324
2024-01-24 11:00:00,11,2,13.362832827724047,6.258469791436342,2757.7588131824805,46.9085828263984
2024-01-24 12:00:00,12,2,16.41730773638762,5.981293595265397,2763.24542166423,51.28132109396414
2024-01-24 13:00:00,13,2,13.198729146016627,4.484209745718882,2662.804434602883,44.633877195408175
2024-01-24 14:00:00,14,2,9.938630821704022,4.505731517704179,2663.0151831253806,43.92390437706714
2024-01-24 15:00:00,15,2,11.998707270224921,4.256524395392346,2948.8200322216326,41.537704014173805
2024-01-24 16:00:00,16,2,10.273296050008017,2.896707076161931,2872.749587573205,36.41249572969719
2024-01-24 17:00:00,17,2,13.311852923977112,2.8254954297379293,2985.951061540418,35.768884072108406
2024-01-24 18:00:00,18,2,14.051716650438832,3.6154372565773674,2917.7923988172074,41.790778737228706
2024-01-24 19:00:00,19,2,17.367754516610294,3.910655486776118,2955.7172668785365,40.42511353983282
2024-01-24 20:00:00,20,2,14.668734639588054,3.5493896225183,3093.055022550789,43.37728841703432
2024-01-24 21:00:00,21,2,13.576678834442001,3.1458792608758777,3199.7298956169643,42.790302224860504
2024-01-24 22:00:00,22,2,15.673691054426708,4.99353055584972,3153.3856204535964,44.31636723464607
2024-01-24 23:00:00,23,2,9.592609274043959,4.216876460888974,3288.7932670216824,41.12117302319291
2024-01-25 00:00:00,0,3,14.6431651423403,4.832431109414274,3131.1494811931498,44.68405557020439
2024-01-25 01:00:00,1,3,15.713666413897101,5.688807007449852,3177.7730056397336,48.00119315030188
2024-01-25 02:00:00,2,3,11.214763534563485,6.777080210357387,3326.8987459630193,56.354477255305625
2024-01-25 03:00:00,3,3,16.459444112537028,6.841201550649207,3272.5110863837535,54.62709336864941
2024-01-25 04:00:00,4,3,14.848928841111997,6.939483557749832,3110.8123234613136,58.76359324346087
2024-01-25 05:00:00,5,3,13.341360198321565,7.1634959176371895,2975.8692826230613,56.94702704106277
2024-01-25 06:00:00,6,3,15.437499758335738,7.021757334321733,2897.2596448473987,53.36124597963946
2024-01-25 07:00:00,7,3,18.71332174173196,7.21092140983739,2885.0274618751127,55.50578657182814
2024-01-25 08:00:00,8,3,14.53566853624016,5.467270768721726,2914.451849164529,54.86408063712499
2024-01-25 09:00:00,9,3,14.66837719872384,6.2659098328381955,2880.692534778468,49.748756763041335
2024-01-25 10:00:00,10,3,13.25321422704268,6.120660967458391,2690.5392053164715,49.34199353070914
2024-01-25 11:00:00,11,3,12.472247287193584,4.9421310483952885,2594.873009514801,47.4660451304816
2024-01-25 12:00:00,12,3,15.832607659211659,5.19316165890578,2726.7843637866335,50.31201515818326
2024-01-25 13:00:00,13,3,12.459768374305433,4.380126299301898,2627.8687550506943,36.66474363328976
2024-01-25 14:00:00,14,3,14.315068500561953,4.877737849157746,2688.3671149785478,44.11261092263603
2024-01-25 15:00:00,15,3,13.216621132592934,4.372296300234334,2920.395574687739,35.613702143744284
2024-01-25 16:00:00,16,3,15.129895677615952,3.035046407872042,2932.7115428565767,32.718664060834676
2024-01-25 17:00:00,17,3,14.839260236697065,2.992729491638516,2938.1517176943894,39.375723787712616
2024-01-25 18:00:00,18,3,16.247015914638965,2.9630262171958037,2872.8080998887276,37.690849868191044
2024-01-25 19:00:00,19,3,13.151903228413675,2.8423186093420516,3098.785370277822,39.59945350474079
2024-01-25 20:00:00,20,3,13.632186155536425,3.365461684445186,3256.2657290787524,39.23700746528025
2024-01-25 21:00:00,21,3,12.214408594558554,3.2066454031831095,3174.5686677794106,44.603622853834636
2024-01-25 22:00:00,22,3,13.283349505970945,3.434692332531236,3394.9190301340027,42.17132717132135
2024-01-25 23:00:00,23,3,14.926537012212872,4.793717521745091,3419.0522768385413,42.437533081093214
2024-01-26 00:00:00,0,4,15.841733158795016,5.314764792110905,3466.3732832143473,46.52393479245193
2024-01-26 01:00:00,1,4,12.483425277149061,5.115480210375045,3320.302060539856,51.813753496551
2024-01-26 02:00:00,2,4,16.066967765715635,6.4476777153813,3318.546791115933,48.15702968470755
2024-01-26 03:00:00,3,4,17.039031643114214,6.0984246977904295,3353.550763189073,50.61055772475924
2024-01-26 04:00:00,4,4,15.154625731951715,6.8586334265878675,3194.7393937068978,53.22852965453856
2024-01-26 05:00:00,5,4,18.081347550620446,7.342023658884364,3027.522302751735,48.840665527082585
2024-01-26 06:00:00,6,4,12.780177527297166,6.983193717648144,2955.1457163472137,55.90939088574054
2024-01-26 07:00:00,7,4,11.83844651888148,7.159222108648704,2946.2097818466177,49.49602781152551
2024-01-26 08:00:00,8,4,10.770315427695756,6.473835985625092,2720.9438578053782,54.31458763713015
2024-01-26 09:00:00,9,4,17.319844548482678,6.315980270659046,2773.5420741076164,55.16209274075913
2024-01-26 10:00:00,10,4,15.636487238212428,5.89707028455983,2849.8470906876937,49.06452627855639
2024-01-26 11:00:00,11,4,14.216586583683403,5.144348916934923,2491.0968669967515,53.11469372207373
2024-01-26 12:00:00,12,4,14.887693178143953,4.911612918442109,2853.4482101794515,41.113652962232436
2024-01-26 13:00:00,13,4,12.07677783090756,3.7080527603630853,2822.459673983595,46.48074725435819
2024-01-26 14:00:00,14,4,19.219259884737966,3.7544231264289487,2694.2159172816205,42.52056682970866
2024-01-26 15:00:00,15,4,14.586198289454767,3.4433486909420705,2842.207048431216,33.275988103690366
2024-01-26 16:00:00,16,4,14.546545514714099,3.139859316183433,2850.3147726906327,44.967284519765116
2024-01-26 17:00:00,17,4,15.779289173301697,2.947399624486474,3045.3533233131125,35.64466154108533
2024-01-26 18:00:00,18,4,15.28977438897774,2.9691179000699357,3098.2683142769943,32.862703594021006
2024-01-26 19:00:00,19,4,14.775523974062576,3.3078691064648953,2937.6386412124552,31.614635813245165
2024-01-26 20:00:00,20,4,12.746807014613688,3.705207729497384,3208.7262413464177,36.1748475396645
2024-01-26 21:00:00,21,4,15.270692639776305,3.2609038242027713,3191.5692489916396,38.04186723145255
2024-01-26 22:00:00,22,4,18.09180491845438,3.398399572305427,3268.0908781871412,40.80309224610689
2024-01-26 23:00:00,23,4,17.018596017814268,3.9613397036734055,3216.960557789739,42.01357674079081
2024-01-27 00:00:00,0,5,17.6686666706829,4.756398539402537,3474.8137069120835,50.78707126056371
2024-01-27 01:00:00,1,5,13.459862064541737,5.3416774312967865,3393.783929876978,50.31269628325389
2024-01-27 02:00:00,2,5,12.503083776886944,5.615001966901271,3185.830504738035,48.08250297849701
2024-01-27 03:00:00,3,5,14.23071957720481,5.766155230248148,3078.670973664941,55.51037865513498
2024-01-27 04:00:00,4,5,14.593743241981496,6.503990393831782,3111.4327369022153,50.44521640794297
2024-01-27 05:00:00,5,5,16.670676454346005,7.022564962635122,3121.095978139887,59.607965485783275
2024-01-27 06:00:00,6,5,11.097364157974468,7.297514732917782,3024.0205843946223,55.94949463937052
2024-01-27 07:00:00,7,5,17.541394056325334,6.653140126023976,3047.6675689460685,59.036734657856506
2024-01-27 08:00:00,8,5,14.166277620246127,6.525551896497161,2928.9919722180853,61.48987431263663
2024-01-27 09:00:00,9,5,13.628531277509266,5.95086440794944,2884.8248682193266,53.1122170562799
2024-01-27 10:00:00,10,5,12.45808466688377,5.984280414812612,2772.877918925712,57.071164105754775
2024-01-27 11:00:00,11,5,11.172580073672567,5.0934237731096355,2571.2923790921805,50.17541708118518
2024-01-27 12:00:00,12,5,16.128634585327937,5.2865639066206,2680.43014688531,54.14697973641518
2024-01-27 13:00:00,13,5,14.628929351780915,3.5894286638279027,2816.231226104146,45.20374703959858
2024-01-27 14:00:00,14,5,11.902371617921998,3.8201851637737696,2735.0400860122036,41.365916373698354
2024-01-27 15:00:00,15,5,11.892135873276874,3.736340107222777,2838.17700250641,43.878042869538824
2024-01-27 16:00:00,16,5,13.81072401882385,3.359866450592375,2818.1251684753865,38.919772103503135
2024-01-27 17:00:00,17,5,17.82033646798289,4.414665179412112,2819.3731016150596,36.70378852494072
2024-01-27 18:00:00,18,5,13.963110714676898,3.174900012283954,2987.665593595389,37.453875778107054
2024-01-27 19:00:00,19,5,11.476007511167893,2.566121049000858,3108.5504578340215,39.09431747077873
2024-01-27 20:00:00,20,5,13.990807289232217,3.220217068886586,3084.4312280538556,44.25368168610861
2024-01-27 21:00:00,21,5,13.936846277908765,2.6976632708936785,3188.560909870297,36.014064281974214
2024-01-27 22:00:00,22,5,9.088520131520962,3.9597001253516186,3165.861296936733,43.95663730706968
2024-01-27 23:00:00,23,5,14.373703684368483,4.065833881294577,3401.7022396431303,48.17391566315534
2024-01-28 00:00:00,0,6,14.173633648611151,5.457695137780081,3270.5544242411966,53.69779473426905
2024-01-28 01:00:00,1,6,16.027915438655345,5.242867952907274,3435.053302399339,59.63523496861947
2024-01-28 02:00:00,2,6,18.333414898919198,5.941617042102377,3412.6824061894226,57.89441302001809
2024-01-28 03:00:00,3,6,16.888632768124022,6.096434641670893,3204.02743788379,59.63486249460131
2024-01-28 04:00:00,4,6,14.097725327918846,7.601476483495542,3049.155126745265,63.554691688178075
2024-01-28 05:00:00,5,6,12.422450891545168,6.77123026951918,2869.0559257574228,63.07464871703839
2024-01-28 06:00:00,6,6,19.78222231552823,7.916278521739601,2852.796292697321,61.946222794452254
2024-01-28 07:00:00,7,6,14.753939577057483,7.3389275336372695,2784.970803979378,64.32513939094349
2024-01-28 08:00:00,8,6,14.6633612928544,6.973084171236571,2987.8469627461504,59.82011816748812
2024-01-28 09:00:00,9,6,14.587252534808501,6.598580136031854,2799.4504243667307,58.35498536510116
2024-01-28 10:00:00,10,6,15.031672230564217,6.1968986491081255,2779.152831273867,56.53346694399682
2024-01-28 11:00:00,11,6,14.346781885180622,4.553801800532238,2488.1801512197667,59.7648469408181
2024-01-28 12:00:00,12,6,13.488178695268035,4.8605583029246215,2580.2033570782737,43.454399941336526
2024-01-28 13:00:00,13,6,13.541784826547723,4.904940895387119,2798.930229757908,51.71605506255729
2024-01-28 14:00:00,14,6,14.56999616859651,3.975551408262948,2768.869790102927,48.22026445189433
2024-01-28 15:00:00,15,6,13.548653166760978,2.8831915142251185,2773.1474377754757,41.00376981971384
2024-01-28 16:00:00,16,6,13.209811143674179,3.2417469671423884,2906.484235860012,45.38637530885729
2024-01-28 17:00:00,17,6,14.848363164412302,3.920201105549609,3085.9340670828255,44.88544672189758
2024-01-28 18:00:00,18,6,14.125548274186798,3.6234458577673596,2977.895753646295,44.886366703365866
2024-01-28 19:00:00,19,6,17.643488686193884,3.0371463427388474,3084.582693796563,35.50270655726813
2024-01-28 20:00:00,20,6,9.333563092242484,3.7436738309601663,3169.2596918731306,48.556363207012595
2024-01-28 21:00:00,21,6,16.818516412873432,3.402532927442879,3451.3429978833633,43.83317108337367
2024-01-28 22:00:00,22,6,17.127673094023766,3.1480642065866395,3049.871994693429,50.17715224955319
2024-01-28 23:00:00,23,6,10.488722244212209,4.020128915730179,3358.1000493656015,52.75247990031531
2024-01-29 00:00:00,0,0,14.101963212997187,5.781444384254099,3288.5197751240935,52.36990874314212
2024-01-29 01:00:00,1,0,14.044456669166303,5.380641549290389,3346.4549205051385,59.569570308079854
2024-01-29 02:00:00,2,0,11.972315011722243,5.878308010312491,3194.0703657358595,58.843520277262925
2024-01-29 03:00:00,3,0,13.231705025976135,6.264294464235655,3207.2355312701193,55.856936273851005
2024-01-29 04:00:00,4,0,12.566186710226228,7.68411910235538,3221.1410579465496,67.16347981442772
2024-01-29 05:00:00,5,0,18.29187928800513,7.7448311102591685,3388.9367336351406,62.33412337384197
2024-01-29 06:00:00,6,0,16.658695187452807,8.109390116724066,3080.8036189402073,62.43651961178584
2024-01-29 07:00:00,7,0,17.330448591146205,6.85232904737811,2837.5477266661933,63.45006065878052
2024-01-29 08:00:00,8,0,16.230682529244355,6.879863051942425,2807.6240317977295,64.47696421382655
2024-01-29 09:00:00,9,0,12.529234858723427,5.6558922876627,2742.5265548056504,61.89925657939917
2024-01-29 10:00:00,10,0,13.738297868598337,6.738467213059137,2560.6280616016666,61.644200774121515
2024-01-29 11:00:00,11,0,15.766087523613722,4.9337483145710745,2677.2132329431356,53.56972235143924
2024-01-29 12:00:00,12,0,12.343082783373994,5.108387781881315,2773.2829081821747,52.7728408887078
2024-01-29 13:00:00,13,0,16.21333526150266,3.9337106459785365,2582.7990402056,52.06381833201019
2024-01-29 14:00:00,14,0,14.306687604841615,3.7055665866306526,2845.0406439697276,55.69366187797612
2024-01-29 15:00:00,15,0,14.03769678605869,3.167155222102056,2836.6454477524694,47.587494572893256
2024-01-29 16:00:00,16,0,16.20925833756487,2.9640115620932144,2776.5766678028963,49.595412753140515
2024-01-29 17:00:00,17,0,15.675865024129966,2.798586995847374,2908.201322735459,45.45640724346227
2024-01-29 18:00:00,18,0,14.065406069519726,2.7258656025374615,3159.832180764103,43.54902408768729
2024-01-29 19:00:00,19,0,17.10599800788638,3.4848153033120166,3151.0004948813425,44.60056846476599
2024-01-29 20:00:00,20,0,12.62521174595809,2.7155177958998626,3150.8783654898148,45.834486826068975
2024-01-29 21:00:00,21,0,16.019209615046414,3.696057151133838,3188.363702659866,49.73986940501674
2024-01-29 22:00:00,22,0,15.973540917094653,4.6089795761527785,3267.4685281804973,54.123833802729656
2024-01-29 23:00:00,23,0,14.168245522529904,4.225763727538259,3238.60139209249,53.49085209203375
2024-01-30 00:00:00,0,1,15.590021546084008,4.6410405546261995,3089.5250494280986,56.67868204551893
2024-01-30 01:00:00,1,1,12.435528348829166,5.402375777614916,3493.995538940194,52.81127024742982
2024-01-30 02:00:00,2,1,16.785809540013574,6.589862604180355,3275.340121055272,56.873557482851574
2024-01-30 03:00:00,3,1,14.567951228713795,6.511267377849774,3251.946760868218,58.01560921853614
2024-01-30 04:00:00,4,1,13.892309460561693,6.466443660265077,3144.209225012309,62.7210368197626
2024-01-30 05:00:00,5,1,17.03577395327355,7.173789978172156,3004.134033458298,61.69983211664611
2024-01-30 06:00:00,6,1,13.529068120514253,6.448853925081789,2981.407551905123,65.30676782039625
2024-01-30 07:00:00,7,1,12.120832908872654,7.27253140779961,2762.414810249813,59.983702137287025
2024-01-30 08:00:00,8,1,11.824497154551965,6.936354461419762,3077.7086498053304,61.9067959671019
2024-01-30 09:00:00,9,1,16.149775404291052,6.260309326803653,2664.4167658017964,62.24909055419591
2024-01-30 10:00:00,10,1,12.376896796607205,5.580707100776385,2636.9957504799504,51.92154068417183
2024-01-30 11:00:00,11,1,18.447343865568502,5.074297629063314,2666.196331674639,62.07053338230949
2024-01-30 12:00:00,12,1,10.773896685832328,5.267408668172955,2828.807572485238,52.26799335465404
2024-01-30 13:00:00,13,1,18.33066823817985,5.0968521610394895,2711.6731520395447,44.45413881723994
2024-01-30 14:00:00,14,1,15.35979043600501,3.6813461264856033,2616.578799261622,48.59173070502402
2024-01-30 15:00:00,15,1,14.744329277858988,3.8149797894026483,2913.301801719769,46.14671160134765
2024-01-30 16:00:00,16,1,13.847917327981873,2.224435683130089,2923.100062678548,44.2115118327318
2024-01-30 17:00:00,17,1,15.736027730303913,2.775839482093264,2976.1977821908895,46.431764085182984
2024-01-30 18:00:00,18,1,14.862486096750075,2.984470533564549,3071.573424117084,45.35978392357483
2024-01-30 19:00:00,19,1,17.144359265632815,2.6133066389309465,3317.081903589001,44.351819319474515
2024-01-30 20:00:00,20,1,15.166210798923851,2.7996960050363247,3368.5094895036113,45.80766187328923
2024-01-30 21:00:00,21,1,15.238359024523527,3.2518966593924614,3143.460500055635,45.73330584911393
2024-01-30 22:00:00,22,1,14.21053107717206,4.146096364163186,3422.196120416447,53.4439215570138
2024-01-30 23:00:00,23,1,14.823864254157638,4.388697400591769,3328.0945668626105,46.091670503195154
2024-01-31 00:00:00,0,2,15.702312976305162,3.8808843833375137,3349.909581613775,49.30635035286611
2024-01-31 01:00:00,1,2,11.666372653207793,4.457288013887508,3120.550664722388,51.670659674809976
2024-01-31 02:00:00,2,2,12.390338594309618,5.696567411071412,3242.7690445965122,56.3272365484122
2024-01-31 03:00:00,3,2,16.573237626566474,6.643056855399871,3130.8496753223076,53.426901509809205
2024-01-31 04:00:00,4,2,15.428440314776928,5.358298386206259,3232.805881489331,52.3166315608732
2024-01-31 05:00:00,5,2,14.718742765815685,6.681986564502321,3184.753763571037,59.017122641403695
2024-01-31 06:00:00,6,2,15.12357730465183,6.736876071741289,2792.551364898369,59.73108680687424
2024-01-31 07:00:00,7,2,15.781872849244387,7.62602054168236,2920.150800068817,63.01545182145206
2024-01-31 08:00:00,8,2,14.00719007790232,6.539539901712446,2962.186150479425,53.736563229087565
2024-01-31 09:00:00,9,2,13.530099987716419,6.605708054743559,2769.2000694126914,59.42254444223406
2024-01-31 10:00:00,10,2,15.478399948716408,6.0706285700437315,2813.0987433649047,60.98963842229979
2024-01-31 11:00:00,11,2,13.12996388329098,4.452354850301442,2745.338798875988,50.34229111867621
2024-01-31 12:00:00,12,2,15.903214949949987,5.384103608315868,2734.166023195263,45.01456867173875
2024-01-31 13:00:00,13,2,11.681542230045363,4.590060162523103,2683.0907543064495,45.07828178007311
2024-01-31 14:00:00,14,2,17.145020713172332,4.254134319837296,2618.534298451097,43.929410232332565
2024-01-31 15:00:00,15,2,16.03190440334713,5.548905290845069,2675.7149509015326,43.507691143373705
2024-01-31 16:00:00,16,2,15.598768907148795,2.225892722681829,2920.935251445532,38.4529571028599
2024-01-31 17:00:00,17,2,17.05209140641207,3.930496672302418,2924.3001120211325,43.893732669769776
2024-01-31 18:00:00,18,2,18.417658327446198,2.856276240299822,2986.1487755392777,35.543798385194236
2024-01-31 19:00:00,19,2,17.115449568557306,3.2118127996233676,3035.256709298521,34.010521610809334
2024-01-31 20:00:00,20,2,11.404960975857755,3.245193069780502,3119.481115451925,43.54727256523599
2024-01-31 21:00:00,21,2,12.52755550504964,3.3736682709278827,3316.823213804778,34.99246442473435
2024-01-31 22:00:00,22,2,13.837072283129686,3.71508353588062,3226.2832129485287,43.27500602360028
2024-01-31 23:00:00,23,2,15.138891538942712,4.647116277581461,3155.6712765565635,55.65224826681735
2024-02-01 00:00:00,0,3,16.26947411459375,4.24141315166416,3374.3651775540175,45.45902500160811
2024-02-01 01:00:00,1,3,13.78266844734857,5.892927673965924,3269.290081500249,44.72104315942436
2024-02-01 02:00:00,2,3,15.607689602609659,5.791902797557373,3262.9472076886095,50.32296326912752
2024-02-01 03:00:00,3,3,13.723390208948857,5.849178892852916,3372.889864995915,52.41382110649478
2024-02-01 04:00:00,4,3,14.011120467671605,6.50704437857097,3147.943944264949,54.63735951939164
2024-02-01 05:00:00,5,3,12.420833879959057,7.560426261009423,3106.5640808426288,57.141202869857445
2024-02-01 06:00:00,6,3,13.387689581433694,6.732332456491888,2882.1076508701676,52.377822155384685
2024-02-01 07:00:00,7,3,12.530786862422834,7.111078461682946,2900.387341234148,60.217058089088965
2024-02-01 08:00:00,8,3,13.282409567700837,6.366572669711141,2910.95260452086,54.89075255145015
2024-02-01 09:00:00,9,3,17.34143966687118,6.7931744873349045,2632.3305922599116,54.74660561155879
2024-02-01 10:00:00,10,3,13.335358295991616,6.342753869395102,2760.276888176239,48.610707461220976
2024-02-01 11:00:00,11,3,20.498920203330282,6.441942506853248,2720.30135937776,51.94249252249972
2024-02-01 12:00:00,12,3,16.22079187541728,4.912218027250392,2704.128745558744,44.72399843404871
2024-02-01 13:00:00,13,3,15.603828321045249,4.816689312173912,2813.938141979104,43.739622749943294
2024-02-01 14:00:00,14,3,13.517440513293074,4.049033769769474,2773.6362303495202,37.69583742892657
2024-02-01 15:00:00,15,3,16.634775832473483,4.233722328558413,2935.6751554796797,35.43329296941605
2024-02-01 16:00:00,16,3,14.082880421179954,2.9085329986267583,2750.6410484405965,38.89951754200217
2024-02-01 17:00:00,17,3,15.478175702946224,3.4406510038605043,2935.946743191079,34.50507690697506
2024-02-01 18:00:00,18,3,20.35432515019309,2.902651351941659,3008.446678638995,32.933686397974775
2024-02-01 19:00:00,19,3,15.042036274206202,3.0360542588676145,2970.720264155248,33.90634737151613
2024-02-01 20:00:00,20,3,17.53270272622685,3.313825434655309,3245.6295002091347,38.931760837795785
2024-02-01 21:00:00,21,3,13.827803223403727,3.7119066358402435,3444.5993649412458,36.536974265011594
2024-02-01 22:00:00,22,3,15.164179092661579,3.94188547843902,3258.1070136869484,40.14219086568141
2024-02-01 23:00:00,23,3,18.77575734492652,4.5897185013802195,3340.279856714097,42.95204846032398
2024-02-02 00:00:00,0,4,14.126117599807463,5.789059028781092,3308.4518475815325,39.743109002457004
2024-02-02 01:00:00,1,4,19.004948831376854,6.010362933012651,3218.419280896003,43.669966895392555
2024-02-02 02:00:00,2,4,16.795555586293947,6.434577296248448,3077.7315933551304,51.50398932823059
2024-02-02 03:00:00,3,4,14.255118163594462,6.186443799361159,3141.554686046428,50.355135388895285
2024-02-02 04:00:00,4,4,16.64486719349404,6.287430393454715,3010.8041619048267,57.32558443217354
2024-02-02 05:00:00,5,4,17.325160614636456,7.4095019316970125,3248.0559213366682,58.05483523613022
2024-02-02 06:00:00,6,4,16.62367163981739,7.438023396264897,2988.489030607676,57.65266165955421
2024-02-02 07:00:00,7,4,12.239602275602085,7.668186990453627,2887.762353564527,60.613729285316374
2024-02-02 08:00:00,8,4,13.92577736373326,6.4300604945842625,2938.9153824787804,53.90614171510274
2024-02-02 09:00:00,9,4,14.885014444279987,6.2994392346929216,2675.692855358447,54.512869250064895
2024-02-02 10:00:00,10,4,15.231184857182905,5.180257918737283,2663.505975064213,48.74195273069981
2024-02-02 11:00:00,11,4,16.621395910484352,5.321402537174606,2717.0294790381413,55.440455850119285
2024-02-02 12:00:00,12,4,15.735453717249506,5.498285255289724,2802.876899142348,51.44605661779596
2024-02-02 13:00:00,13,4,12.709362997962796,4.24911422018086,2760.390756630158,42.942606513016074
2024-02-02 14:00:00,14,4,16.140447417394924,4.320239897600413,2765.0248931162564,41.65491435020348
2024-02-02 15:00:00,15,4,16.601223205950642,3.4905348846280004,2795.679739167637,42.50198064671685
2024-02-02 16:00:00,16,4,16.499632611245076,3.4299777065419037,2890.0235855526776,36.3934831082012
2024-02-02 17:00:00,17,4,17.54161316649224,2.4943026525140297,2942.5195769821694,33.866025185198104
2024-02-02 18:00:00,18,4,17.047896024480806,3.0426047248169503,2897.0027725223063,38.11712491350855
2024-02-02 19:00:00,19,4,16.29841187383987,1.5725803619715015,3082.253635694071,36.07121513584823
2024-02-02 20:00:00,20,4,15.239720292465703,3.1745011133501304,3042.6311341082246,37.3838849715793
2024-02-02 21:00:00,21,4,12.058129848351015,2.7705498157693347,3220.2402886460463,35.92127381941853
2024-02-02 22:00:00,22,4,16.239288153648168,4.602997258273407,3211.742826986507,35.34213921539771
2024-02-02 23:00:00,23,4,15.79542708970922,4.871065586177212,3543.715910165007,43.61539243909999
2024-02-03 00:00:00,0,5,16.067510806066945,5.23333549098304,3296.010561624829,51.60228145470102
2024-02-03 01:00:00,1,5,12.970855980035578,6.278141203784731,3149.3537912605616,50.7981655340155
2024-02-03 02:00:00,2,5,13.362240050859672,5.525541739587581,3246.3896000676395,58.19668388889502
2024-02-03 03:00:00,3,5,17.630658838342004,7.287895161330874,3264.067908919753,53.84671416583727
2024-02-03 04:00:00,4,5,15.445242823962886,7.1981465896990695,3317.336394615252,54.38353600316505
2024-02-03 05:00:00,5,5,16.887354526421447,6.813574008968663,3018.7004735368846,58.34496267152071
2024-02-03 06:00:00,6,5,15.58098988393712,7.567810073591472,2841.757202597636,58.639617604164556
2024-02-03 07:00:00,7,5,15.583865410667688,6.378704896372319,3004.037987612342,60.856559787114776
2024-02-03 08:00:00,8,5,17.40092074362819,6.319793726805041,2711.940129410035,55.22276089587086
2024-02-03 09:00:00,9,5,14.49226367524145,6.109918700753244,2744.2524214932873,60.06274585252859
2024-02-03 10:00:00,10,5,15.716594685558164,5.735511145967992,2714.430330313569,59.78814621774318
2024-02-03 11:00:00,11,5,14.599802554266113,4.989359268824916,2703.2589067832687,51.35815370033861
2024-02-03 12:00:00,12,5,14.655360676811565,5.611541533547663,2768.9164457074335,52.63652659077138
2024-02-03 13:00:00,13,5,14.906008884738918,4.352934709610043,2641.8588238846405,43.12971366731744
2024-02-03 14:00:00,14,5,15.968620674943622,4.17625248417844,2712.8194536479923,47.11305995376417
2024-02-03 15:00:00,15,5,14.566855888349242,3.300610754420066,2786.4409303490966,44.95815674403134
2024-02-03 16:00:00,16,5,18.03586538282324,2.357647542156865,2864.959795751879,42.817453132943676
2024-02-03 17:00:00,17,5,13.735138527237188,3.2031770266175745,2932.1370039400363,39.18144780071686
2024-02-03 18:00:00,18,5,15.150609843353479,2.0438725122901116,3043.600577522258,30.024648506492333
2024-02-03 19:00:00,19,5,14.644891015127847,3.033831324379129,3162.02966449493,37.30295563637135
2024-02-03 20:00:00,20,5,18.418308900383664,2.5837916730147175,3189.2634115650967,38.349393239320236
2024-02-03 21:00:00,21,5,15.917462684699347,4.5794244372423085,3257.490586706886,38.881562704171515
2024-02-03 22:00:00,22,5,17.588042210613466,4.45568136108736,3101.585304460684,44.254124343859615
2024-02-03 23:00:00,23,5,12.553232385602254,4.535238805430697,3294.8005178032886,45.042314542629505
2024-02-04 00:00:00,0,6,16.201118094649694,5.631853338827335,3347.9507548001607,50.6436129799986
2024-02-04 01:00:00,1,6,17.446279154158052,5.094480101472174,3362.671867343766,52.52923901557541
2024-02-04 02:00:00,2,6,15.831585541462026,6.271739689335046,3190.572543711952,55.97091005283798
2024-02-04 03:00:00,3,6,17.79797831304188,6.514118779232452,3146.2281068670995,63.55301445670892
2024-02-04 04:00:00,4,6,14.632440662710433,6.864060848235712,3092.58993247164,59.794627883255565
2024-02-04 05:00:00,5,6,18.48571244328234,7.56802840263152,3131.287103519891,61.23189115288453
2024-02-04 06:00:00,6,6,20.264813810149676,7.3662460513899015,3103.388105492421,61.74735616422392
2024-02-04 07:00:00,7,6,14.941340442031859,7.076213483990648,2881.6082757400836,63.79368781361261
2024-02-04 08:00:00,8,6,14.776012520109633,5.904607089454729,2940.796231362705,63.14645151272365
2024-02-04 09:00:00,9,6,18.57378651714658,5.934190414733363,2800.2159465604955,51.05454720342966
2024-02-04 10:00:00,10,6,18.8261618543726,5.938645533202138,2727.7638011484246,61.18235465077649
2024-02-04 11:00:00,11,6,14.62129750860464,5.564324277343368,2689.0838291314826,60.01474356305014
2024-02-04 12:00:00,12,6,14.826643928719463,4.434898137663038,2774.661136460216,49.966889397208654
2024-02-04 13:00:00,13,6,15.103448345190163,5.688200247584169,2742.7800337919866,47.612363824063955
2024-02-04 14:00:00,14,6,12.978116540842622,4.758197027626787,2967.774921629432,46.76668884595885
2024-02-04 15:00:00,15,6,13.82971366994278,3.8868455978231475,2702.645501344303,43.778369139058384
2024-02-04 16:00:00,16,6,13.658736029407041,3.3039676230729955,2901.8101702029976,45.128975593289105
2024-02-04 17:00:00,17,6,14.13142243270292,2.9620438624712877,2869.4341854880927,37.61861488732639
2024-02-04 18:00:00,18,6,15.597647788137614,2.5240407699888823,2913.0713013011355,39.763666185183446
2024-02-04 19:00:00,19,6,16.135447027984217,3.1068886066812946,3076.558999827259,48.075782346927696
2024-02-04 20:00:00,20,6,18.76801854853933,3.3968254625024983,3163.7352479407036,41.67253506940523
2024-02-04 21:00:00,21,6,13.670309481433595,2.9649061498860925,3503.9493898619735,49.776666031736966
2024-02-04 22:00:00,22,6,17.635662359864344,4.167088208622448,3241.3930395670113,49.183463596064065
2024-02-04 23:00:00,23,6,15.23903987446016,4.404732385382582,3176.7598749382523,45.101455414503675
2024-02-05 00:00:00,0,0,15.709075315233143,4.046096221061305,3327.3010717494385,56.90598758564862
2024-02-05 01:00:00,1,0,17.15764171887122,5.08744558481529,3082.3137441320837,57.23518854444664
2024-02-05 02:00:00,2,0,13.562558691413411,5.7931972332891775,3250.6119428749053,58.63359883125078
2024-02-05 03:00:00,3,0,16.572822226906112,7.35805739104319,3213.73456258548,62.80593909138149
2024-02-05 04:00:00,4,0,16.14090715096412,7.010327369835756,3229.460038294521,65.08415449454476
2024-02-05 05:00:00,5,0,16.792905262554306,6.26411086802819,3175.0079384735413,66.78203372881455
2024-02-05 06:00:00,6,0,16.386340022353647,7.243018144708818,2949.643038109228,68.53475854264401
2024-02-05 07:00:00,7,0,20.718603014359797,6.158199658108954,2907.292885006251,65.88366600122576
2024-02-05 08:00:00,8,0,14.532522766035378,7.273396334512414,2773.387916938933,59.5333517714853
2024-02-05 09:00:00,9,0,14.746008824534375,6.178651236464155,2675.0617101632665,60.6501314389119
2024-02-05 10:00:00,10,0,14.56172168168848,5.953181905630415,2771.1818568027315,68.82914500580587
2024-02-05 11:00:00,11,0,14.6970484962175,6.180536413976137,2582.8636972536196,59.7616636321704
2024-02-05 12:00:00,12,0,14.533228479924974,4.356418215707875,2658.537309942814,62.10786190243449
2024-02-05 13:00:00,13,0,18.186035796753114,3.783802817238463,2610.7048561233555,56.59811179557235
2024-02-05 14:00:00,14,0,18.64901123051772,3.7082003368269985,2795.160697493694,50.725406214667245
2024-02-05 15:00:00,15,0,14.666510147039057,4.1049758631365645,2968.0109755706844,48.833153397477886
2024-02-05 16:00:00,16,0,14.143291588329552,2.508276154692702,2719.841201719667,46.23000584252508
2024-02-05 17:00:00,17,0,16.75083384731082,1.6520705483665792,2737.052438179487,40.12732788956982
2024-02-05 18:00:00,18,0,14.703556645976066,2.7744205707955008,2987.5113114649935,45.05414175740467
2024-02-05 19:00:00,19,0,17.073866370049032,3.3440187473773233,3079.215493126532,48.9727653947359
2024-02-05 20:00:00,20,0,16.21384877624061,3.8680800673005376,3171.86593067573,44.54082597769201
2024-02-05 21:00:00,21,0,12.776514504543545,3.354205756584205,3167.4999828325294,49.164791185319956
2024-02-05 22:00:00,22,0,18.903013137198133,3.794286696441998,3239.7436912527883,52.55477313767958
2024-02-05 23:00:00,23,0,19.399758080729054,5.059312276922831,3326.528788940781,49.68276823103736
2024-02-06 00:00:00,0,1,14.721689488638862,4.0651291501522895,3404.043089264484,51.76354041626267
2024-02-06 01:00:00,1,1,15.171863749735666,5.323377702613537,3094.2728708548925,52.651904988887395
2024-02-06 02:00:00,2,1,16.518997651057443,6.095211944962529,3222.913677232186,55.65095218922544
2024-02-06 03:00:00,3,1,16.616180449581684,6.638822923015612,3233.5129137500703,56.32570097019996
2024-02-06 04:00:00,4,1,17.264355414953297,6.477147460973436,3058.2023895389266,59.07635766300397
2024-02-06 05:00:00,5,1,19.967675947140336,6.949072158431057,3250.762676707486,67.03507431457787
2024-02-06 06:00:00,6,1,15.593372414619536,5.755836323293505,2936.4590119771265,60.37101792202279
2024-02-06 07:00:00,7,1,14.350672380530728,6.602727446411212,2918.225017768516,63.156084929366415
2024-02-06 08:00:00,8,1,13.18862841357858,6.958805163846112,2905.602209684229,60.26909678612519
2024-02-06 09:00:00,9,1,14.485406789723797,5.923066545245755,2728.7394867638463,63.72511463226996
2024-02-06 10:00:00,10,1,15.881012923860041,6.0294921107947985,2555.5350740842264,62.050935899104516
2024-02-06 11:00:00,11,1,19.53638259664321,5.741074340606391,2667.356799421626,58.29784940673572
2024-02-06 12:00:00,12,1,14.912044271535292,4.828725399571118,2802.944055592704,54.03585266860193
2024-02-06 13:00:00,13,1,16.394842772885433,4.567593795293244,2676.5327394347655,49.836079947745766
2024-02-06 14:00:00,14,1,15.91442107746213,3.518633717357695,2655.54894871877,44.541824896719916
2024-02-06 15:00:00,15,1,18.3240534165038,3.4824807977788828,2880.4351865943077,51.87696784079479
2024-02-06 16:00:00,16,1,21.001131721354877,3.5730572772257343,2816.9225103976946,42.17817591819162
2024-02-06 17:00:00,17,1,14.885529323766994,3.1466348279060807,2871.338205104222,45.449129787501505
2024-02-06 18:00:00,18,1,14.96838798457119,2.7067343652180322,3014.945608966331,46.296145727163854
2024-02-06 19:00:00,19,1,18.035588623745777,3.1802565495672597,3154.7207344926346,41.792349255686986
2024-02-06 20:00:00,20,1,17.311049848860257,3.6252540877494317,3388.171353173255,47.57123255339717
2024-02-06 21:00:00,21,1,19.640681521079703,2.5608157983381656,3294.8556451217064,48.339020807444754
2024-02-06 22:00:00,22,1,17.115123240259564,4.579537032477948,3375.791617774166,53.30134051543895
2024-02-06 23:00:00,23,1,15.228682688033516,4.314234540454421,3239.1811279879353,49.12121915898832
2024-02-07 00:00:00,0,2,17.26607836253588,5.212744966620115,3197.4131894030525,45.029803278379276
2024-02-07 01:00:00,1,2,18.30217586231708,6.116261552027655,3296.0108828486327,49.95911651491011
2024-02-07 02:00:00,2,2,17.72573306354599,5.314163151384767,3270.5246126612915,54.51395595782142
2024-02-07 03:00:00,3,2,17.099316763365856,6.059493061159322,3104.2807602195044,56.13310132333907
2024-02-07 04:00:00,4,2,18.21811808032957,6.587776459631025,3132.4705470095987,56.367335679239154
2024-02-07 05:00:00,5,2,18.423359882042607,6.539974892015922,3117.5774737026695,52.81906121617738
2024-02-07 06:00:00,6,2,18.849086683226318,7.867468287918404,3036.039339501808,60.298844318605745
2024-02-07 07:00:00,7,2,17.382188476330548,6.50346560566474,2972.783071807671,64.46368703035571
2024-02-07 08:00:00,8,2,15.750532540517554,6.454277417825445,2879.0964730137443,58.94040308243183
2024-02-07 09:00:00,9,2,16.378196074017907,6.5164080781745835,2737.1670997170304,57.785869699244444
2024-02-07 10:00:00,10,2,18.497786634167976,5.398925236961956,2688.802316199784,55.60473124868373
2024-02-07 11:00:00,11,2,14.450897359176789,5.319797734326911,2590.327112313892,52.66672579089084
2024-02-07 12:00:00,12,2,16.822115318897065,5.158726630625088,2878.4775039185097,51.68239323082271
2024-02-07 13:00:00,13,2,15.29809107649654,4.315931707603703,2711.5672885752087,47.48532592275022
2024-02-07 14:00:00,14,2,16.142258347020896,3.9533065705500268,2717.707073285183,42.94936382125859
2024-02-07 15:00:00,15,2,18.641672426365858,3.3211203814027206,2694.9887574987897,39.4283607883267
2024-02-07 16:00:00,16,2,16.46696683719107,2.5107140378407395,3143.565790232778,39.48022032653202
2024-02-07 17:00:00,17,2,16.177641797463558,3.228944953091483,2815.0214832469546,40.17052555667975
2024-02-07 18:00:00,18,2,13.365056419191424,3.8774665358236207,2957.1152074393926,37.939146446849506
2024-02-07 19:00:00,19,2,17.577275833205704,3.077349162813582,3119.229397159362,40.171153116722024
2024-02-07 20:00:00,20,2,17.375737063433412,3.3805812510548976,3210.0212965744277,41.5445916934753
2024-02-07 21:00:00,21,2,20.411278147762182,3.9321478151853344,3307.9252398775325,44.315865812163494
2024-02-07 22:00:00,22,2,15.46921223124526,3.3653347517266496,3440.568471912258,47.735780236735366
2024-02-07 23:00:00,23,2,16.52306935647914,5.333619238859759,3340.3935134327917,46.53322713462978
2024-02-08 00:00:00,0,3,16.719234851830187,5.101164398211401,3194.3969200033334,41.57182596504492
2024-02-08 01:00:00,1,3,19.375374043935626,6.3335665397495955,3264.0832353745423,47.04803382105554
2024-02-08 02:00:00,2,3,16.02987641963477,5.633483502238005,3290.5908583867204,50.6273433627077
2024-02-08 03:00:00,3,3,16.778510535949355,7.323244523652007,3418.9546385065464,47.058917203822105
2024-02-08 04:00:00,4,3,17.436260503841755,7.119628554586268,3010.2194521575702,58.321403258639734
2024-02-08 05:00:00,5,3,16.593685730721393,7.208371695504316,3197.9033640532793,55.58154766090998
2024-02-08 06:00:00,6,3,15.327600255307619,7.117012227176574,3017.991436954642,56.63921416422876
2024-02-08 07:00:00,7,3,16.60864747020529,6.807587343540912,3006.137339992192,59.250993310957384
2024-02-08 08:00:00,8,3,18.36773098412822,7.332316636805814,2839.800528336407,52.26498120790525
2024-02-08 09:00:00,9,3,14.167436885586556,6.484393497297118,2703.624702631403,54.28834926500547
2024-02-08 10:00:00,10,3,16.48640683270243,5.016465148206424,2815.2796568048016,50.165563291182096
2024-02-08 11:00:00,11,3,14.82022585453033,4.9590448593515415,2775.6653548238414,47.53108551046536
2024-02-08 12:00:00,12,3,18.61056074225836,4.907077123903626,2797.205696573972,43.17857849707477
2024-02-08 13:00:00,13,3,13.174093674841126,4.637361401377736,2708.891788575416,47.90377485052228
2024-02-08 14:00:00,14,3,15.102623789865499,3.971705755550053,2680.2101765326834,39.36865554026119
2024-02-08 15:00:00,15,3,16.97489123453772,4.195271832523738,2631.989266141651,40.52248058930954
2024-02-08 16:00:00,16,3,19.351515542877358,2.2923982604118107,2931.9373268139407,31.20987946022771
2024-02-08 17:00:00,17,3,16.0889669622627,3.1399423156744435,2964.743234713643,39.37586298666658
2024-02-08 18:00:00,18,3,15.11006843102228,2.0910103873064227,2903.421736713604,38.65178912835908
2024-02-08 19:00:00,19,3,19.982781623289856,3.4480044951639472,3023.7883462010936,36.12819972848912
2024-02-08 20:00:00,20,3,13.324439683576188,3.2207198352101214,3103.324118804856,36.154074224229745
2024-02-08 21:00:00,21,3,11.822855571168512,3.795591423638964,3063.8335911577224,39.624087865463125
2024-02-08 22:00:00,22,3,17.100496384515342,3.568058519705116,3178.039381474818,47.36152764312877
2024-02-08 23:00:00,23,3,15.216359035703453,5.122094375623832,3176.3947122060854,37.61725511275223
2024-02-09 00:00:00,0,4,14.311857374640347,5.5208623320294254,3258.7520988112065,47.841237823210285
2024-02-09 01:00:00,1,4,17.77103590350048,5.809410241710985,3215.9079980537645,45.3484942050514
2024-02-09 02:00:00,2,4,16.84192443644417,5.935241376568279,3097.107129048657,50.43540047158871
2024-02-09 03:00:00,3,4,15.226165747428317,6.704142205020661,3414.3910574129122,51.82258311511739
2024-02-09 04:00:00,4,4,13.793714211559983,6.378604523575202,3275.254073102923,52.87045492493902
2024-02-09 05:00:00,5,4,18.099237665462063,7.359629482088493,2999.743771378758,55.1230185362204
2024-02-09 06:00:00,6,4,17.654725364819093,7.82474044716196,3027.242139665361,52.09264222465453
2024-02-09 07:00:00,7,4,16.155971281343007,7.46715693256773,2964.1007954513734,58.24195523176249
2024-02-09 08:00:00,8,4,20.047597000997104,6.367249572665173,2969.108585477348,48.77297916473649
2024-02-09 09:00:00,9,4,14.214153476249468,6.5949222210096465,2706.007462978028,54.1855170108384
2024-02-09 10:00:00,10,4,13.303272667052294,5.353429228120676,2849.403057262911,49.51554810288419
2024-02-09 11:00:00,11,4,14.970506869139284,5.80383324579288,2655.431721692586,44.57057143009075
2024-02-09 12:00:00,12,4,16.263150976190776,5.225301706431269,2566.4137595831385,46.10230577228399
2024-02-09 13:00:00,13,4,16.841001907547156,3.5474537400288764,2782.635908044729,38.23611194934326
2024-02-09 14:00:00,14,4,15.871850893189112,3.419108078043819,2869.268221276911,40.61429712564681
2024-02-09 15:00:00,15,4,17.058433801930367,3.4442169892550223,3046.658862997104,34.15545712518777
2024-02-09 16:00:00,16,4,13.851244160520885,3.11751931886071,2730.0274734909785,38.218717875597015
2024-02-09 17:00:00,17,4,19.24185221704829,2.463409879712461,2992.2462549773227,33.062825396706096
2024-02-09 18:00:00,18,4,16.190020652116637,3.194489364676092,2959.019875620647,34.142173609399975
2024-02-09 19:00:00,19,4,18.588914672078026,3.193885151892119,3155.981584583159,36.7177455614267
2024-02-09 20:00:00,20,4,17.039773701657182,3.1708146264418633,3002.951044876875,34.51727528711682
2024-02-09 21:00:00,21,4,17.26782944720934,3.207890687547723,3085.8550567861075,38.25019584961752
2024-02-09 22:00:00,22,4,17.49385756936618,4.5243535632082805,3182.220138818683,35.953664156753334
2024-02-09 23:00:00,23,4,17.249740128936402,5.310065466339104,3297.674152453529,44.799592020251154
2024-02-10 00:00:00,0,5,17.7717411300849,4.758219258076731,3235.8918733461646,54.18213674687074
2024-02-10 01:00:00,1,5,19.144600670614675,5.2115546316276316,3355.6831822780628,59.85221238497351
2024-02-10 02:00:00,2,5,16.879337949752752,6.245603832705998,3362.4970829611234,54.16089977021774
2024-02-10 03:00:00,3,5,17.904303125526837,6.235198872499602,3272.0897884805,58.32307556447546
2024-02-10 04:00:00,4,5,16.30682422177536,6.66235220723726,3311.878763966087,52.205772349340336
2024-02-10 05:00:00,5,5,19.366530041248758,7.301678228440472,3119.2283764762906,63.05485657202587
2024-02-10 06:00:00,6,5,15.133511006231274,6.045321956246354,2878.3103289659834,61.216080844390746
2024-02-10 07:00:00,7,5,20.088176476171444,7.591002815004471,3058.691937823078,57.094853258255405
2024-02-10 08:00:00,8,5,16.40597970906113,6.768391069733548,2789.4843764394004,61.25919176892984
2024-02-10 09:00:00,9,5,13.624745406113718,6.208466990092004,2878.909815612593,55.195034912147875
2024-02-10 10:00:00,10,5,16.74250444017139,5.955382922889275,2897.565800520179,52.51331978117476
2024-02-10 11:00:00,11,5,15.124192295400052,5.498852767715301,2755.8910531863194,52.90159055752611
2024-02-10 12:00:00,12,5,18.167582708327263,4.134399348277538,2550.3841186835352,45.69733183072747
2024-02-10 13:00:00,13,5,15.181047651745033,5.229831023521577,2618.4010354623,49.36407917239306
2024-02-10 14:00:00,14,5,15.593928743920253,4.02066281613531,2872.466825553182,40.7194258944379
2024-02-10 15:00:00,15,5,12.707214148458752,3.8072875028505937,2770.955697079754,38.6661631488834
2024-02-10 16:00:00,16,5,15.58168297185166,3.7437240777181446,2857.9573534942165,37.49807192714904
2024-02-10 17:00:00,17,5,11.638536957091901,2.5575671186417135,2998.236728085605,41.50663717987611
2024-02-10 18:00:00,18,5,13.318489963378367,3.2367359495176142,3069.6322862080324,37.0370692456593
2024-02-10 19:00:00,19,5,18.007124922638408,2.9343278019724663,3105.525694769302,35.18414971422623
2024-02-10 20:00:00,20,5,18.05789592765148,3.6913345800393698,3129.1331628779535,38.41010129256665
2024-02-10 21:00:00,21,5,17.337210733919743,2.522172727451157,3180.8651897827285,41.72020040631149
2024-02-10 22:00:00,22,5,14.552343324091387,3.9504528498793645,3345.597503664466,40.34447787922526
2024-02-10 23:00:00,23,5,16.390872898065854,4.180951581902976,3345.1347009935,42.844161552090185
2024-02-11 00:00:00,0,6,16.609141104241644,5.216131475317078,3274.269999938221,59.45133801159242
2024-02-11 01:00:00,1,6,14.299616804037695,5.752660183889143,3397.9889791860346,53.12394324887721
2024-02-11 02:00:00,2,6,19.623142785957082,5.646187052588987,3246.9042096223534,57.148321902974644
2024-02-11 03:00:00,3,6,18.371070763574124,6.058126630285074,3126.965816922525,59.086805818761285
2024-02-11 04:00:00,4,6,16.174417834763453,6.676718123290212,3074.1029301096655,60.51363262382672
2024-02-11 05:00:00,5,6,16.670117860411843,6.483530538920532,2979.77162989978,64.64074749209165
2024-02-11 06:00:00,6,6,17.033111798317886,7.4209918477260635,2972.7589983396315,65.96187786070982
2024-02-11 07:00:00,7,6,12.5328764455742,6.747248052354413,3045.7267143028635,61.85884397758957
2024-02-11 08:00:00,8,6,16.121991417381587,5.278556697908057,2769.490481896949,58.06826818736101
2024-02-11 09:00:00,9,6,15.252377686427184,6.226802534062192,2806.715541745846,64.01183750470585
2024-02-11 10:00:00,10,6,14.613106162632949,5.4807280895780135,2674.5234443019267,57.83142573570362
2024-02-11 11:00:00,11,6,16.054145596650873,4.70200018247457,2684.1913479861355,60.89660490489038
2024-02-11 12:00:00,12,6,20.211719236121827,4.381286680888714,2548.9958788014746,46.380691316598174
2024-02-11 13:00:00,13,6,17.898031904956802,4.537066145711443,2688.1684291976258,51.11546822211842
2024-02-11 14:00:00,14,6,15.473988202857187,4.664320414124116,2720.821840884172,53.87326801092229
2024-02-11 15:00:00,15,6,17.7615117451351,3.742378674559396,2841.896760047605,44.986588791113725
2024-02-11 16:00:00,16,6,19.415057055594787,2.9646974983232535,2872.328091325537,43.780714701445376
2024-02-11 17:00:00,17,6,18.465613548248317,3.296100445007215,2802.5150739740393,44.344725821174
2024-02-11 18:00:00,18,6,16.73560692226313,2.770454844890504,3108.419824404354,41.44106155263879
2024-02-11 19:00:00,19,6,15.322472627011633,2.7208481628402907,3098.6760175529557,42.521974950244775
2024-02-11 20:00:00,20,6,18.012792809649962,2.6907678583146306,3169.8393517177487,43.44374968887507
2024-02-11 21:00:00,21,6,17.40331695326628,2.709872034251045,3211.21379901745,44.16411899414907
2024-02-11 22:00:00,22,6,18.406732622478245,3.8050381467202765,3208.0318764131093,51.804018659895334
2024-02-11 23:00:00,23,6,17.88668978578672,4.561388654755023,3311.5579818615934,51.912492655157756
2024-02-12 00:00:00,0,0,18.843541618968125,4.9516881649925555,3347.5588435928585,55.75188469630991
2024-02-12 01:00:00,1,0,15.673965765208319,5.309654626231362,3115.0881787521653,60.013903471695556
2024-02-12 02:00:00,2,0,19.37922431959811,5.52712696965161,3205.9315374007224,59.2069325003896
2024-02-12 03:00:00,3,0,17.139635397714255,6.718336658215579,3186.6373373156052,59.74845635680678
2024-02-12 04:00:00,4,0,20.894957933579988,6.0734848475955845,3175.617060569428,61.85238112400071
2024-02-12 05:00:00,5,0,15.36606055215032,7.319865609499874,3196.976814123469,64.66460738620451
2024-02-12 06:00:00,6,0,20.216363794659955,6.4988914905366375,2922.8259185403217,61.822364874881295
2024-02-12 07:00:00,7,0,17.14025775525475,6.555634033901619,2872.5581017874597,63.158475213130664
2024-02-12 08:00:00,8,0,15.441600181100558,5.998658212261039,2798.746588935345,62.111904112230086
2024-02-12 09:00:00,9,0,15.776664520220812,6.163512488930277,2707.7152066335816,68.44473650135252
2024-02-12 10:00:00,10,0,16.103741571940816,6.48765622923899,2705.4737293534417,51.67855518019825
2024-02-12 11:00:00,11,0,17.59276808113329,5.77545213442702,2787.3024741120767,57.04933128680831
2024-02-12 12:00:00,12,0,17.790107164400453,5.4892110560140175,2594.6164504635653,60.17708137844431
2024-02-12 13:00:00,13,0,15.597036180452298,4.743433182761926,2753.00369162857,52.777342941372154
2024-02-12 14:00:00,14,0,16.69572700380749,3.448165085734816,2570.0021558628346,52.26025242026328
2024-02-12 15:00:00,15,0,21.028976905553183,3.420391825463127,2731.7341659998146,48.22841113343384
2024-02-12 16:00:00,16,0,20.199522528530878,2.8778496278723917,2817.051069978201,44.33774581850618
2024-02-12 17:00:00,17,0,17.61708352767752,3.733435799441384,3089.8402537606503,38.61499393358258
2024-02-12 18:00:00,18,0,16.820443144665855,2.4016056767868443,2972.519769524731,45.61636706110891
2024-02-12 19:00:00,19,0,16.984498841765976,3.5149971921164185,2857.521366185664,43.013921923302135
2024-02-12 20:00:00,20,0,17.97147213379029,3.7144261274855075,2950.111109313875,43.93873974365971
2024-02-12 21:00:00,21,0,14.698851057932645,4.500596538484948,3215.5349929906324,46.43197042019719
2024-02-12 22:00:00,22,0,16.229683113482764,3.7951567036852505,3321.184706714322,55.23458421987047
2024-02-12 23:00:00,23,0,13.407268040574277,4.838522989585038,3327.323333649446,59.6263221757367
2024-02-13 00:00:00,0,1,17.66897391744723,6.140825918269421,3316.757010580099,53.769072821878865
2024-02-13 01:00:00,1,1,18.16491955164215,5.208817251738193,3406.0037076372873,54.311337788583685
2024-02-13 02:00:00,2,1,15.904154747637921,5.23247987623382,3205.848499061619,54.58576975694003
2024-02-13 03:00:00,3,1,20.018501198816736,5.474208545419213,3301.6230899586467,61.59413730579735
2024-02-13 04:00:00,4,1,14.418996346231987,7.088406821999542,2986.798511497358,67.12641984733348
2024-02-13 05:00:00,5,1,13.941777911817029,5.990276548548844,2987.15093023695,62.034686111108876
2024-02-13 06:00:00,6,1,17.319431309356613,6.813840473531038,2819.2958605068184,55.98046088703399
2024-02-13 07:00:00,7,1,18.964724277460977,7.150508246097616,2894.869756402265,64.78685628763091
2024-02-13 08:00:00,8,1,20.238383055152408,6.824638575983835,2845.373878273366,64.7339021814882
2024-02-13 09:00:00,9,1,15.952759146498789,6.626935994465181,2799.2781148666877,55.430979900001596
2024-02-13 10:00:00,10,1,19.02788933909926,6.111144927900427,2746.3807141533816,58.64690156028252
2024-02-13 11:00:00,11,1,16.793510733235255,6.157070996861739,2617.4669190321065,57.059317508727176
2024-02-13 12:00:00,12,1,16.52527307235503,4.523841809630602,2680.9759155586785,52.89812710326685
2024-02-13 13:00:00,13,1,18.637847547210015,4.143864340565693,2560.4775852527046,48.1569458010124
2024-02-13 14:00:00,14,1,18.17517342906351,3.613670277364589,2876.5152763778933,51.165260679984335
2024-02-13 15:00:00,15,1,13.71774335826817,4.000882343558211,2757.5053583542353,44.83624195952215
2024-02-13 16:00:00,16,1,19.82360837168846,3.718148486628655,2801.111388095631,40.001636483349486
2024-02-13 17:00:00,17,1,19.63071038053157,3.293761007081118,3081.2483193136522,37.30976728939394
2024-02-13 18:00:00,18,1,15.61940226921761,3.591746833444964,2875.775346645077,46.89999756929159
2024-02-13 19:00:00,19,1,17.662134739111487,2.479127913733673,2965.087002127559,45.30818267581633
2024-02-13 20:00:00,20,1,17.858588044802147,4.101561248206691,3040.3779675131436,44.72111561283679
2024-02-13 21:00:00,21,1,17.39187520388448,4.347405748483034,3205.344896186016,44.72555728687578
2024-02-13 22:00:00,22,1,15.76991736454583,4.367810998622873,3302.970784099091,46.530453766684275
2024-02-13 23:00:00,23,1,15.527280936360565,5.373261364180487,3363.745294698504,47.30204861294362
2024-02-14 00:00:00,0,2,16.94347512853358,4.171688396161113,3557.199531749497,47.59302839653877
2024-02-14 01:00:00,1,2,19.3400413090352,5.255414022073715,3064.834502466644,45.115324135883114
2024-02-14 02:00:00,2,2,18.081783579705338,5.6323482696590235,3320.6811800477735,51.67920436981288
2024-02-14 03:00:00,3,2,16.25335460634426,6.7749532242517665,3156.418977098741,55.02565059303062
2024-02-14 04:00:00,4,2,18.53798069181316,6.206980437767804,3091.3584851111227,59.37728950963406
2024-02-14 05:00:00,5,2,11.297498029256321,7.310599227246879,3015.668500705369,58.42687420298902
2024-02-14 06:00:00,6,2,19.292114671260677,7.685268071998356,2909.1230329192026,61.272164671845104
2024-02-14 07:00:00,7,2,13.515155712960272,7.279453102620136,3090.8067699295893,62.5940589084494
2024-02-14 08:00:00,8,2,16.269701387710207,6.8739263193996285,2934.2297327013903,60.72215964953513
2024-02-14 09:00:00,9,2,14.755243481264184,5.92027689192272,2790.187563499773,57.36999268421957
2024-02-14 10:00:00,10,2,14.40522031907466,5.576574516937318,2875.2939541133683,53.92298336776078
2024-02-14 11:00:00,11,2,19.31623684527351,6.142447542853375,2558.969355583392,48.53322175600296
2024-02-14 12:00:00,12,2,16.05918086789269,5.389674501952666,2566.9294868669076,51.10722748435637
2024-02-14 13:00:00,13,2,17.687591033977903,4.462852150106187,2492.4254788938106,51.33844702585782
2024-02-14 14:00:00,14,2,16.900742112758103,3.7910452271170554,2670.2509248523393,44.91371344916968
2024-02-14 15:00:00,15,2,17.948664924962713,2.5728825010712173,2804.037818314511,47.568104963631335
2024-02-14 16:00:00,16,2,17.148227052636983,2.732522983088904,2860.2858577932334,35.65042616819079
2024-02-14 17:00:00,17,2,14.428598822139332,4.023857890991725,2937.2884775752323,35.765646912989126
2024-02-14 18:00:00,18,2,18.98711690941075,2.3597722144987667,2858.894316893392,41.45299985346321
2024-02-14 19:00:00,19,2,16.007070104193847,3.1628882580324036,3157.9611877921584,40.02100769778749
2024-02-14 20:00:00,20,2,13.88141947319697,3.771671179028722,3173.9627518239,44.16848782208947
2024-02-14 21:00:00,21,2,16.138352948584647,2.9583251036257585,3285.437462502564,41.76991259617273
2024-02-14 22:00:00,22,2,19.996102851785093,4.0923552373905405,3070.531403376326,41.28346906263343
2024-02-14 23:00:00,23,2,18.69502675474346,4.951319678550284,3320.9268337664994,45.65842515257808
2024-02-15 00:00:00,0,3,16.419261954002028,5.006249660953626,3181.2234760082474,40.8971037477167
2024-02-15 01:00:00,1,3,16.418050814180887,6.951839618038425,3250.045422631584,44.697574092222006
2024-02-15 02:00:00,2,3,16.47329612038298,5.165700370560902,3313.24411099897,53.412487654241936
2024-02-15 03:00:00,3,3,21.270062189939427,6.943577827315035,3221.2413949815555,55.18458571576221
2024-02-15 04:00:00,4,3,17.880437127280853,6.645649938870645,3064.846002022068,55.244422552750514
2024-02-15 05:00:00,5,3,17.976649517199885,7.317811729996474,3078.2730291491985,49.99118136049718
2024-02-15 06:00:00,6,3,19.17713313088143,7.220653575849623,2846.846468475636,54.41994493394924
2024-02-15 07:00:00,7,3,17.594144540870772,6.565273554023138,3037.3810260590735,51.47941425739843
2024-02-15 08:00:00,8,3,16.598481931176337,6.846549003798548,2829.4715980503747,57.685009459695586
2024-02-15 09:00:00,9,3,16.72386652464779,5.485262836673951,2899.722960069568,50.81505707166558
2024-02-15 10:00:00,10,3,16.973363703989616,6.301623750285697,2687.5392101550638,47.237912528143255
2024-02-15 11:00:00,11,3,17.042121749798063,5.666717323200305,2657.864653272621,48.17273460687739
2024-02-15 12:00:00,12,3,18.571825310091704,5.319330084321551,2623.5813213362153,43.57469228998407
2024-02-15 13:00:00,13,3,17.220457994432344,5.011421072338534,2797.839645282587,47.35819694007382
2024-02-15 14:00:00,14,3,18.581846377248905,4.183809920104856,2669.2492631318205,38.29072296788533
2024-02-15 15:00:00,15,3,16.95513306260058,3.659831147526044,2852.327508885553,34.22640307094854
2024-02-15 16:00:00,16,3,17.273836603449926,2.827415024100477,2811.754760233071,30.376161075370973
2024-02-15 17:00:00,17,3,13.12016485375353,2.712037965597338,2724.757956480082,35.743537890356976
2024-02-15 18:00:00,18,3,18.949221572222708,3.5933673100886656,2942.9685932213533,33.809365318914125
2024-02-15 19:00:00,19,3,17.80954317461373,3.7863160502748525,2959.734892094471,31.549183578062035
2024-02-15 20:00:00,20,3,19.11258644253705,3.148893974275096,3153.3902723682336,40.40258100641088
2024-02-15 21:00:00,21,3,11.324055466430366,3.6087878112535416,3093.0912607885152,40.42582329091015
2024-02-15 22:00:00,22,3,21.2933156323792,3.547692812503116,3352.405131206793,40.41050202367621
2024-02-15 23:00:00,23,3,16.8373869665074,5.068740332428679,3280.670161851418,46.99994394197529
2024-02-16 00:00:00,0,4,19.452806016434156,5.332708411845889,3282.240400524126,47.48276376068374
2024-02-16 01:00:00,1,4,15.156628528708062,6.488246808436916,3355.366961665479,45.61477840695781
2024-02-16 02:00:00,2,4,18.461988193084263,5.560838461410131,3356.198314542918,47.37749516851561
2024-02-16 03:00:00,3,4,15.129609256611811,6.225209612863987,3210.122159178999,55.020168105714966
2024-02-16 04:00:00,4,4,15.988902461567514,6.847773768831663,3072.879970045071,55.34451056773434
2024-02-16 05:00:00,5,4,21.064503090692696,7.255096421441022,2900.2487519195433,55.66365722729057
2024-02-16 06:00:00,6,4,16.85507558143243,6.892166181226184,2931.395024296482,52.95566225188118
2024-02-16 07:00:00,7,4,17.67130612931857,6.4953711073512865,2860.633061804448,56.97825662439585
2024-02-16 08:00:00,8,4,18.976575844336633,7.172754572030663,2860.70574529923,51.88891304893045
2024-02-16 09:00:00,9,4,18.227804158904334,6.774781243645886,2753.3532775302333,52.26026350857234
2024-02-16 10:00:00,10,4,17.537278193246276,5.541862949718137,2808.985676069811,54.835988099648844
2024-02-16 11:00:00,11,4,17.966362387891575,6.19535949075779,2648.9239249862103,46.10084340408268
2024-02-16 12:00:00,12,4,22.043271553435673,5.585099354598302,2694.295883314706,40.77618788926932
2024-02-16 13:00:00,13,4,17.121202788891953,4.549510158418855,2828.6209964329682,39.74932363385237
2024-02-16 14:00:00,14,4,17.63863847638906,4.039798931188019,2774.374900260165,43.47805214055077
2024-02-16 15:00:00,15,4,19.33774917497435,3.8628153231848597,2781.8642114751788,39.18828126076306
2024-02-16 16:00:00,16,4,19.447492248875093,2.8370976573029942,2789.8055558064825,36.44826948657726
2024-02-16 17:00:00,17,4,19.610500994079885,3.0831640870039045,2859.0311467977463,34.30861598166251
2024-02-16 18:00:00,18,4,18.513900827017494,1.9238082276954098,2914.938674704805,36.95123538314748
2024-02-16 19:00:00,19,4,14.950430557498157,3.506376170173331,3023.545026952466,33.288582844626546
2024-02-16 20:00:00,20,4,20.503303447561315,2.487202581210193,3225.5665838744317,37.75189832857131
2024-02-16 21:00:00,21,4,14.943749596921748,4.337496351841404,3189.9432072267373,36.230324142183555
2024-02-16 22:00:00,22,4,17.84171131343719,3.834939953016774,3124.8303141972083,37.80217750466274
2024-02-16 23:00:00,23,4,15.727888682920408,4.376528418829368,3466.594677192699,40.994502904987655
2024-02-17 00:00:00,0,5,17.22589353645387,4.686133046957747,3331.996519114516,47.76117299076654
2024-02-17 01:00:00,1,5,18.011695050246818,5.373618653244003,3149.0834078354037,51.329096273442524
2024-02-17 02:00:00,2,5,17.996884660540402,6.709265672574018,3215.622728411249,54.59376271555177
2024-02-17 03:00:00,3,5,18.198011738110424,5.170309234105555,3223.220672638806,44.89336726779857
2024-02-17 04:00:00,4,5,20.58159276775715,7.370533500612971,3320.459209329738,55.124697694822515
2024-02-17 05:00:00,5,5,18.261238832667814,7.10086339312899,2966.8344677048694,57.37194366104099
2024-02-17 06:00:00,6,5,16.865856959058558,6.396489176071392,3097.6040719355947,63.40258144604341
2024-02-17 07:00:00,7,5,19.28234456621657,6.3941954560535175,3062.3029291664784,55.306645767962706
2024-02-17 08:00:00,8,5,19.733111207489138,7.570247321172979,2787.134569492543,58.036039222362554
2024-02-17 09:00:00,9,5,14.89895459936587,5.941460122401729,2760.1166037580124,60.443554071291416
2024-02-17 10:00:00,10,5,18.54897036933957,5.42332474470202,2636.561454127291,49.94848974037661
2024-02-17 11:00:00,11,5,18.756515714261653,6.086295361387407,2689.876138005249,52.657511458836844
2024-02-17 12:00:00,12,5,16.75904322291987,5.1692764381429575,2696.3410025657067,46.48057982841486
2024-02-17 13:00:00,13,5,20.105583856263095,4.013399121526759,2776.1872519215167,44.78530365232552
2024-02-17 14:00:00,14,5,17.0540590555748,4.10831248770231,2849.2107259667127,41.47806282835848
2024-02-17 15:00:00,15,5,17.60532313658294,3.072910095806767,2713.058359181871,39.6207555931053
2024-02-17 16:00:00,16,5,17.008026581072116,3.8183598916424257,2653.2674935774007,48.392877736093524
2024-02-17 17:00:00,17,5,17.385328324802792,3.5988338298584304,2920.2298085416196,41.76150468354274
2024-02-17 18:00:00,18,5,15.161620055849452,3.2660030994109714,3029.353752996864,42.192608915577054
2024-02-17 19:00:00,19,5,14.474068464451268,3.2489788780453717,3102.58748229926,40.70411752783723
2024-02-17 20:00:00,20,5,20.5431803560898,4.148543254864809,3117.3326752490957,35.40837092716817
2024-02-17 21:00:00,21,5,15.6602475330032,3.5856296013210174,3224.6072443223575,43.00120142932287
2024-02-17 22:00:00,22,5,15.371385530727242,3.4090629372895984,3411.3521019705563,47.10618417374046
2024-02-17 23:00:00,23,5,13.047390002432426,4.70709886621111,3327.9511647829713,43.73900645707588
2024-02-18 00:00:00,0,6,16.19179738158655,6.043023524768557,3262.6631574996914,56.013429010777045
2024-02-18 01:00:00,1,6,14.823541290150557,5.010258343612115,3239.757966177121,57.81864808988111
2024-02-18 02:00:00,2,6,20.75375119723829,5.819268616653007,3242.8223853675586,63.673569143734674
2024-02-18 03:00:00,3,6,19.489355055650822,6.6224365814238215,3375.806030539028,58.93516778361828
2024-02-18 04:00:00,4,6,16.093420186610107,6.705098383066007,3131.6699290473803,58.484870100310864
2024-02-18 05:00:00,5,6,21.97459248765417,6.440699862389479,3075.6662790786854,61.69182294406671
2024-02-18 06:00:00,6,6,19.433251850948743,7.560928928115235,2951.7686429063697,67.42416198878453
2024-02-18 07:00:00,7,6,16.82005810994831,8.091872013586766,3032.2526222134406,57.29148962965846
2024-02-18 08:00:00,8,6,12.470909447218407,6.830116537080832,3045.9837254744675,55.57257590084496
2024-02-18 09:00:00,9,6,22.051606022147038,5.962179417505094,2832.929270587175,60.45670265795398
2024-02-18 10:00:00,10,6,14.690575943438361,5.225519737473262,2748.469669243211,56.789681130971196
2024-02-18 11:00:00,11,6,14.17892338305177,5.646626080815633,2713.900535430703,55.72882313984593
2024-02-18 12:00:00,12,6,19.514861740984834,5.551938671658129,2461.5693211214257,55.95338432300126
2024-02-18 13:00:00,13,6,22.3492256896441,4.7199457830426494,2784.7373385417613,48.8715505199119
2024-02-18 14:00:00,14,6,20.238266513986588,3.998798079540574,2753.6090204642524,42.4984315165018
2024-02-18 15:00:00,15,6,18.597539117070273,3.291150611732253,2830.702170710108,52.17982586902803
2024-02-18 16:00:00,16,6,18.659229560296126,2.7218673760720784,2778.8537805916294,41.46551010913296
2024-02-18 17:00:00,17,6,19.176551994526168,3.485524010584305,2883.9085985715346,40.28107938036669
2024-02-18 18:00:00,18,6,18.987578056539082,3.4568858106927927,2958.8975063496828,46.42860905046145
2024-02-18 19:00:00,19,6,18.032103724904303,2.295283454076497,3179.8080119380597,42.30472338327842
2024-02-18 20:00:00,20,6,17.678123084869306,4.062868681521465,3112.1240163396906,44.267025415344854
2024-02-18 21:00:00,21,6,17.34453462116651,3.872822048073905,3420.3980665669437,47.49475156960914
2024-02-18 22:00:00,22,6,15.9617916992322,4.699797322572896,3302.8938630368352,51.36819831862365
2024-02-18 23:00:00,23,6,16.908370723232004,3.811298035552399,3162.2094818871474,49.528876478723134
2024-02-19 00:00:00,0,0,14.197144456394852,4.317087922292281,3287.1453706748043,59.559856017742895
2024-02-19 01:00:00,1,0,17.386378831196122,5.443153435321393,3224.610235671079,51.18079090482079
2024-02-19 02:00:00,2,0,15.60587587048379,6.251392213447597,3040.3693741533293,62.279361710859234
2024-02-19 03:00:00,3,0,15.37587945035408,7.312393973836577,3372.079128367343,59.5524851378125
2024-02-19 04:00:00,4,0,17.94284638709258,7.085090264476443,3220.3142542220003,67.77706798766836
2024-02-19 05:00:00,5,0,20.367062657474822,6.8105110141721195,3130.966445320688,65.08539169938233
2024-02-19 06:00:00,6,0,19.419691296790248,6.486815396167054,3016.5403660299703,62.981284003971794
2024-02-19 07:00:00,7,0,14.442056877539269,7.546851938937712,2784.1525296000004,66.64778154195558
2024-02-19 08:00:00,8,0,15.603801811644948,6.24969809469352,2801.6382860444564,66.33981907946614
2024-02-19 09:00:00,9,0,19.464600460762057,7.228447839759256,2872.046043122437,63.99675018044139
2024-02-19 10:00:00,10,0,15.618083297709004,5.857807675196745,2635.070375886418,56.910911281100816
2024-02-19 11:00:00,11,0,17.133791784791573,6.312929126513968,2457.045320488198,56.136139080158955
2024-02-19 12:00:00,12,0,18.683162282834726,5.339465645029639,2677.2893992219074,54.9877814886357
2024-02-19 13:00:00,13,0,15.646369175058354,4.413864165073729,2696.0464967105254,52.288030591024615
2024-02-19 14:00:00,14,0,17.793809097077542,3.7403018140869375,2753.7487205061393,52.24923642631504
2024-02-19 15:00:00,15,0,14.915007094949214,3.415332498953866,2860.719829995489,41.8842284906147
2024-02-19 16:00:00,16,0,16.380322796883195,3.482107538618742,2913.760581223121,47.342727125816126
2024-02-19 17:00:00,17,0,18.222621953070696,3.106726595530722,2948.2312669936364,44.470797673799396
2024-02-19 18:00:00,18,0,14.397070617722285,2.7030942959656477,3119.553138808671,42.48449815084814
2024-02-19 19:00:00,19,0,18.46400756070642,2.985332642263047,2925.7487354494247,43.113281403800514
2024-02-19 20:00:00,20,0,17.543782486932262,3.3072377072906978,3200.458181447739,45.69613296860173
2024-02-19 21:00:00,21,0,18.68803799361992,2.5214193904194984,3274.7858706896586,37.12567687475597
2024-02-19 22:00:00,22,0,18.030886352914948,4.229084057394348,3135.8513925273073,47.896131287625344
2024-02-19 23:00:00,23,0,20.31133894473331,3.9925012974365535,3139.490687018482,49.78436507503591
2024-02-20 00:00:00,0,1,17.94459727413519,4.4233337983971275,3225.40578735244,54.715798637261535
2024-02-20 01:00:00,1,1,16.835337186588873,4.673965916649687,3223.6236036351916,53.28905941278731
2024-02-20 02:00:00,2,1,17.938743274903945,5.103053751066055,3335.149567485575,57.472107608782196
2024-02-20 03:00:00,3,1,18.780744326912153,5.73648981081695,3150.6781559868546,64.81534670414305
2024-02-20 04:00:00,4,1,17.791868409490785,6.377540328753631,3064.36514817188,64.76075760658432
2024-02-20 05:00:00,5,1,17.775331651247143,7.908481221341421,3016.4823398613007,65.4835214720147
2024-02-20 06:00:00,6,1,16.290164893225867,6.737060162052398,3111.8632334154213,61.61783171806111
2024-02-20 07:00:00,7,1,16.368346433737482,7.020726705712152,2923.6586239069393,64.40580411005331
2024-02-20 08:00:00,8,1,14.888937725239991,6.932291500822042,2832.074897464309,61.07600964577727
2024-02-20 09:00:00,9,1,21.193301755213255,6.47974615548102,2776.8674157739306,59.60023718912833
2024-02-20 10:00:00,10,1,15.206421798056807,5.9612782696370035,2869.3984122973206,59.346505040533316
2024-02-20 11:00:00,11,1,16.308337873247563,4.9199912084054205,2635.3050794529554,53.91465869505608
2024-02-20 12:00:00,12,1,16.257333737700982,5.725463774139606,2831.5508290940106,57.59645832262328
2024-02-20 13:00:00,13,1,19.48399702272826,5.385960231613901,2731.2718820054297,50.04886813947465
2024-02-20 14:00:00,14,1,17.104248912255322,3.158670652938658,2724.1504406671334,49.97253070807266
2024-02-20 15:00:00,15,1,20.189632414186846,3.0737721421837163,3037.9580154374635,50.41318263520009
2024-02-20 16:00:00,16,1,16.34716702035164,3.12804402124262,2744.4360510201404,47.55215629517481
2024-02-20 17:00:00,17,1,18.25213659328698,2.585879449966768,2886.9857105125434,39.23143343833141
2024-02-20 18:00:00,18,1,16.02345416231986,3.2529827767279325,2876.7568760835998,44.452136694323315
2024-02-20 19:00:00,19,1,21.984446524386154,2.7040122462185567,3172.891910584373,46.01034892978492
2024-02-20 20:00:00,20,1,15.318951430780352,4.350477226334424,3318.918893365168,47.13278403793153
2024-02-20 21:00:00,21,1,18.313789689293433,4.181060734798702,3379.124312496428,42.7064966950843
2024-02-20 22:00:00,22,1,18.961702030703574,4.106287015316107,3382.202496449932,46.14634329824169
2024-02-20 23:00:00,23,1,18.521746463742375,4.995855041454822,3270.015701107124,53.51293326549332
2024-02-21 00:00:00,0,2,17.432383192952337,5.552950212178654,3263.475902251015,46.602114218170485
2024-02-21 01:00:00,1,2,17.543317111240903,5.23566434617592,3122.6607706373143,50.576497611250694
2024-02-21 02:00:00,2,2,17.890581454665973,5.591891377729017,3463.394974653511,58.615022758724336
2024-02-21 03:00:00,3,2,17.508954507450778,6.453285093857919,3259.0298421708108,55.81506539092953
2024-02-21 04:00:00,4,2,19.730716744297574,7.162868869817848,3100.8043095130515,55.36732695456128
2024-02-21 05:00:00,5,2,22.224004513890456,7.001381851904846,3210.451402429453,55.9138015225204
2024-02-21 06:00:00,6,2,16.687974940692087,6.211501758904501,2902.7235483239997,59.88555331897399
2024-02-21 07:00:00,7,2,15.063352551549599,6.530439430602716,2963.0164898915114,54.547209567677484
2024-02-21 08:00:00,8,2,17.626394414005244,6.695064375771689,2832.7370865709167,56.805641476373566
2024-02-21 09:00:00,9,2,22.96237718601639,6.376380760210179,2851.735679632066,56.95815474705397
2024-02-21 10:00:00,10,2,16.195609374768292,6.986271088394904,2733.835024946056,57.784844791861424
2024-02-21 11:00:00,11,2,21.08119212159589,4.824644119005543,2565.129463002157,53.47823002235363
2024-02-21 12:00:00,12,2,21.158360138860637,5.252794620917937,2707.557637267004,46.74519997627189
2024-02-21 13:00:00,13,2,16.695782027291763,5.2269184639591035,2815.1086663008155,49.83446283188439
2024-02-21 14:00:00,14,2,18.940924669078303,5.135724872711399,2737.2707382792696,42.988850217575994
2024-02-21 15:00:00,15,2,21.05975175696483,3.3835877260349254,2865.379477802944,38.109218452204736
2024-02-21 16:00:00,16,2,17.04470302873278,3.5136639187912233,2745.447051432595,39.71101721457762
2024-02-21 17:00:00,17,2,17.395797790503032,3.353028526021187,2919.7282071422587,43.54264467076486
2024-02-21 18:00:00,18,2,16.639596682810467,3.0977408657766454,2937.5489544911425,39.3831154804132
2024-02-21 19:00:00,19,2,15.77344504932202,3.01872574680221,3152.343797541227,39.265702660317096
2024-02-21 20:00:00,20,2,16.50440342057574,3.4859368871811456,3153.1491562261995,45.138776226482605
2024-02-21 21:00:00,21,2,15.35507797718324,2.319663395017062,3281.139401989625,37.52226297718967
2024-02-21 22:00:00,22,2,17.871125447226206,4.3410347450313145,3368.578663751118,40.03059798806011
2024-02-21 23:00:00,23,2,16.26301204859047,4.54545086162594,3358.9396053988594,41.45166546629272
2024-02-22 00:00:00,0,3,18.377028391149267,4.888762551610867,3327.311843429364,46.61310021992807
2024-02-22 01:00:00,1,3,14.797665275160519,6.541069188064821,3189.95652203558,48.58282549285848
2024-02-22 02:00:00,2,3,18.57121703199669,5.662532990604724,3259.5290100686416,55.12336476232723
2024-02-22 03:00:00,3,3,19.576514490785623,6.21267556784058,3158.822994154381,53.29664870376369
2024-02-22 04:00:00,4,3,13.921985282424862,7.727827458671244,3115.5936043295774,52.94293821989438
2024-02-22 05:00:00,5,3,18.657569707262915,6.515821000153208,3040.1922984557314,55.15979854201291
2024-02-22 06:00:00,6,3,20.364794552514358,6.724942358531731,2902.0074425217754,55.848277915870774
2024-02-22 07:00:00,7,3,15.490174530185362,6.858338940862711,2726.620427555845,50.13913010339408
2024-02-22 08:00:00,8,3,21.25460134124318,7.152418048633653,2783.1856951672235,62.28640463133697
2024-02-22 09:00:00,9,3,18.74749458629986,6.518114816049752,2807.205910836452,54.125836526659114
2024-02-22 10:00:00,10,3,16.499432856050955,5.353687326423868,2605.374674321919,51.12518058455567
2024-02-22 11:00:00,11,3,17.79791841225236,5.2515538086414475,2711.790475760442,49.92883806434886
2024-02-22 12:00:00,12,3,19.02611039261122,4.696322783393894,2890.0268424310966,47.623388602247715
2024-02-22 13:00:00,13,3,18.061467350392597,4.443751387183435,2812.527907638503,42.4853047529554
2024-02-22 14:00:00,14,3,18.98696855246051,4.212921829314915,2904.546529776721,38.6014322517658
2024-02-22 15:00:00,15,3,16.06810938140904,3.794889315570892,2826.980753337308,40.22243990758755
2024-02-22 16:00:00,16,3,18.24817821563993,2.3799433154069223,2966.7509822986444,37.99203414423788
2024-02-22 17:00:00,17,3,15.082027573757813,3.6001188412022915,2849.9578134224653,33.406227100329
2024-02-22 18:00:00,18,3,17.68700444487037,3.1262844229983116,2935.5659732978015,39.752262494589694
2024-02-22 19:00:00,19,3,16.101641284638195,3.7604143712188165,2803.731692917009,36.715953506566166
2024-02-22 20:00:00,20,3,16.43839668238824,3.490048356076459,3268.61454740423,39.024359709446415
2024-02-22 21:00:00,21,3,20.381642917988646,4.136447916494785,3366.164432337953,42.59985051166218
2024-02-22 22:00:00,22,3,20.09207680875631,4.233272655725062,3204.4898966006044,40.5608221239824
2024-02-22 23:00:00,23,3,19.127732809382127,5.155474787896331,3264.3825772469972,43.857821230415034
2024-02-23 00:00:00,0,4,15.828985352401606,5.261125318008889,3224.613788630904,47.92523737600625
2024-02-23 01:00:00,1,4,17.38079398235716,5.46868046698359,3328.04310303447,45.90876286011295
2024-02-23 02:00:00,2,4,20.43980628170513,7.136217360223441,3372.300875665656,50.65731064902591
2024-02-23 03:00:00,3,4,18.297044709026572,6.858732123513041,3037.85483696786,52.942869232306826
2024-02-23 04:00:00,4,4,22.652269961710154,7.018923018071083,3190.943853064225,51.287234043282105
2024-02-23 05:00:00,5,4,18.80024656053551,6.293699444308968,3049.978536358842,62.10732428940022
2024-02-23 06:00:00,6,4,18.397709114726826,6.355846191268231,3011.339439196669,51.2732753300107
2024-02-23 07:00:00,7,4,17.39537795334176,7.078209393649063,2968.253686636673,51.26010221231711
2024-02-23 08:00:00,8,4,18.28069269131133,6.804811406452998,2831.1797561227177,58.09808942544303
2024-02-23 09:00:00,9,4,17.708671208985677,6.107152279868937,2777.5092803034577,54.70602222474301
2024-02-23 10:00:00,10,4,19.429828235123946,6.07049134980603,2718.8048621092044,47.417261208045566
2024-02-23 11:00:00,11,4,19.92701551533593,6.31195155422684,2807.2538722921076,49.90521315681819
2024-02-23 12:00:00,12,4,16.441631960730867,5.34770123727515,2741.8759960127495,49.898706995479834
2024-02-23 13:00:00,13,4,15.351144974631207,3.9118576549185895,2732.2806058870156,42.81617603667174
2024-02-23 14:00:00,14,4,14.341200135540172,3.944245586428529,2613.09720675544,48.29162436071165
2024-02-23 15:00:00,15,4,19.029593535571852,3.1833031972006256,2750.00999132272,33.251902416018325
2024-02-23 16:00:00,16,4,15.806877669399018,3.0740992342268427,2939.8669160339173,38.91637198422083
2024-02-23 17:00:00,17,4,13.707829695841799,2.861340514607042,2926.123943781636,39.33548240626023
2024-02-23 18:00:00,18,4,18.790768090808694,2.7611772086979975,3065.9531469589137,38.16918736530364
2024-02-23 19:00:00,19,4,22.999609916612346,2.440580661435166,3254.2968935635195,35.22283021766027
2024-02-23 20:00:00,20,4,18.001469058666977,3.204121851672028,3253.8606069208818,35.96357717661007
2024-02-23 21:00:00,21,4,19.69059243065005,3.3054826192032496,3221.4478681259384,39.7565233618842
2024-02-23 22:00:00,22,4,18.177269598841896,2.5352756549988653,3208.708704115759,42.94241912044411
2024-02-23 23:00:00,23,4,17.81583157536448,5.508847922045788,3034.4227882811306,44.71438551830978
2024-02-24 00:00:00,0,5,19.953543556049148,5.5443848271083365,3283.161507752715,52.00756900259859
2024-02-24 01:00:00,1,5,17.534841501696306,5.329487727742544,3257.1764983050357,48.41897591004342
2024-02-24 02:00:00,2,5,18.650175218217417,6.009409524870299,3298.844240574869,53.20408239284752
2024-02-24 03:00:00,3,5,18.758786202465636,5.828386388714314,3196.7415116584953,53.13841534571264
2024-02-24 04:00:00,4,5,16.77920968278751,7.57991224647431,3117.9614940563206,56.38931103980438
2024-02-24 05:00:00,5,5,20.099475289146653,7.880495999964692,2899.705820480034,61.592316268552025
2024-02-24 06:00:00,6,5,17.765471076682793,7.0783468641232625,2906.003217084993,59.211347092394114
2024-02-24 07:00:00,7,5,16.60390027108792,7.4436169746708085,2970.0193905492997,66.36723108255842
2024-02-24 08:00:00,8,5,19.188410277214416,6.819694197035839,3021.5907631132695,58.12786846963196
2024-02-24 09:00:00,9,5,16.318454626491533,5.74585084293513,2778.1154272694735,56.13753878382311
2024-02-24 10:00:00,10,5,18.171752904811864,5.794088315518171,2772.9734862220803,54.20594408853908
2024-02-24 11:00:00,11,5,18.097152596785204,5.583602073591021,2805.47006780856,49.56215970266383
2024-02-24 12:00:00,12,5,20.287181721736765,4.7727261406282775,2618.910606379975,48.71388549308564
2024-02-24 13:00:00,13,5,19.064787055833516,4.37303527107744,2746.903656441824,49.68256896052816
2024-02-24 14:00:00,14,5,18.06533667258332,3.9543002212454437,2666.1433682314523,44.22930733460174
2024-02-24 15:00:00,15,5,19.750923188474182,3.5453471886941754,2874.3504094931363,39.435948328702544
2024-02-24 16:00:00,16,5,20.895805688108236,3.2940784376798646,2865.140304795173,37.451887430938136
2024-02-24 17:00:00,17,5,19.231011202777335,2.537845814223563,2952.199467867388,37.87753139233021
2024-02-24 18:00:00,18,5,18.13609582976037,2.641491925436032,2921.7401402581413,39.10898563345106
2024-02-24 19:00:00,19,5,15.49171812537329,2.4258562145718785,3148.3489494918344,42.80889667375652
2024-02-24 20:00:00,20,5,15.985163263922864,3.756856967274223,3358.4712921231016,36.20567536827473
2024-02-24 21:00:00,21,5,17.504941181364273,2.5329629667067426,3111.3408648131435,40.85684868468668
2024-02-24 22:00:00,22,5,16.896366185755042,4.576795171658462,3225.831720370579,44.320325388523656
2024-02-24 23:00:00,23,5,17.741447984102717,5.175536608426379,3312.9384953035296,40.79808757630491
2024-02-25 00:00:00,0,6,18.328065382818355,4.84890970650869,3378.640621199582,50.61665416039445
2024-02-25 01:00:00,1,6,19.274151041737603,4.216069546291392,3233.8231193577735,53.665973841110315
2024-02-25 02:00:00,2,6,18.07376797690596,5.819344719016355,2976.5045921210576,55.72953788774217
2024-02-25 03:00:00,3,6,19.187768820676546,6.382121481728685,3348.0509837723666,60.764185456224084
2024-02-25 04:00:00,4,6,18.343714362644384,6.22675169760442,3226.0506119584143,61.29602421863265
2024-02-25 05:00:00,5,6,14.2638324003164,6.674242455674015,2903.35096048209,61.11084896438124
2024-02-25 06:00:00,6,6,16.33609474538663,7.765097599431676,2939.2431208220446,64.40133688895158
2024-02-25 07:00:00,7,6,17.92659042158091,7.264315233729007,3079.172529421977,67.94593142512309
2024-02-25 08:00:00,8,6,15.795376047341927,6.269768750379828,2994.7796418457865,66.6954725973633
2024-02-25 09:00:00,9,6,19.41462299301655,5.615413977575379,2881.7319679119305,54.420201504972134
2024-02-25 10:00:00,10,6,21.276267197711537,5.8364913411951145,2722.581135468682,59.848665560799084
2024-02-25 11:00:00,11,6,20.652289236418774,5.410909700529824,2718.5209939945303,55.17156959012736
2024-02-25 12:00:00,12,6,17.787879791163725,5.248099593681658,2686.9074194873874,53.582915037889734
2024-02-25 13:00:00,13,6,21.196217806724047,4.214703553511129,2823.046230440163,49.33440945764082
2024-02-25 14:00:00,14,6,18.512100447428367,4.255749787680932,2652.608138215157,48.47021489895527
2024-02-25 15:00:00,15,6,17.540593590788063,4.553363457657021,2707.288000155615,46.500603385644254
2024-02-25 16:00:00,16,6,16.98796020594226,3.6756997036532546,2951.0274586836017,42.720339699402516
2024-02-25 17:00:00,17,6,17.609826160047884,3.044104093756477,2917.918140918088,40.76908810292744
2024-02-25 18:00:00,18,6,17.438411895941684,2.9084247644733527,3137.846735545381,41.77136196143521
2024-02-25 19:00:00,19,6,18.55559797777512,2.8898117803319274,3010.4944928327013,44.16096853977327
2024-02-25 20:00:00,20,6,18.53591349512387,3.858269648657195,3144.5221639661177,46.25418399650208
2024-02-25 21:00:00,21,6,18.22085757333097,3.2721297146512534,3119.8907358715687,48.60642812944863
2024-02-25 22:00:00,22,6,19.088641872516842,4.022611354499991,3260.543889277688,46.63487894009292
2024-02-25 23:00:00,23,6,20.596058082596826,4.5079608607354995,3141.9230541868405,51.38079226017666
2024-02-26 00:00:00,0,0,20.210814534540724,4.749107903594234,3251.2366579045038,57.887507775859895
2024-02-26 01:00:00,1,0,15.34191032675827,4.831405316262991,3146.152361393909,61.08497513645759
2024-02-26 02:00:00,2,0,13.203863993854167,6.161487251808834,3329.1999444544576,59.82350143760544
2024-02-26 03:00:00,3,0,20.180346086136623,6.383711576445403,3283.7909683319294,61.408272637046636
2024-02-26 04:00:00,4,0,15.577948866827235,6.9821710422871615,2976.9737269515654,64.23362673935355
2024-02-26 05:00:00,5,0,17.86217545987271,6.665051499358553,3211.034288080814,61.21013584419847
2024-02-26 06:00:00,6,0,15.971480211539358,7.610410649406524,3249.7415126419855,64.41917146689347
2024-02-26 07:00:00,7,0,14.707745388498038,6.493464761972214,2926.954925142878,66.89301745831008
2024-02-26 08:00:00,8,0,19.394631720067654,7.588070949577824,2785.8885739775355,65.58609542617549
2024-02-26 09:00:00,9,0,19.830016584263372,5.540395307458964,3070.3010247443403,61.260264998773806
2024-02-26 10:00:00,10,0,17.158685462204637,6.217385032278446,2608.295529034417,60.6531546032615
2024-02-26 11:00:00,11,0,13.129621679368258,5.755353431468354,2712.232898800189,55.11423943015315
2024-02-26 12:00:00,12,0,17.219217367153114,4.602221466029559,2717.9622272631923,57.11047644467507
2024-02-26 13:00:00,13,0,19.09531427446317,4.694558878725465,2844.7370141585207,52.17834524056538
2024-02-26 14:00:00,14,0,15.353883126109821,4.639759334880081,2776.166276377347,49.17214564491159
2024-02-26 15:00:00,15,0,18.67842610321639,2.4773770179498737,2738.00457606519,46.84376067985437
2024-02-26 16:00:00,16,0,18.281086565312087,3.5193215961765305,2754.8815629612045,46.151064361456044
2024-02-26 17:00:00,17,0,19.470289262860256,1.8215129372568248,2888.1721044446303,43.99710880231344
2024-02-26 18:00:00,18,0,18.550867000486384,2.517167598238396,2899.307263905486,46.97442910800769
2024-02-26 19:00:00,19,0,16.365568381894967,3.882731529872336,3082.4282455092243,44.15489109306077
2024-02-26 20:00:00,20,0,20.70484926698706,2.977058175735096,3093.5803820139513,51.118638250237765
2024-02-26 21:00:00,21,0,17.99464711760414,2.9988464554224183,3062.7282550269892,52.324563698578665
2024-02-26 22:00:00,22,0,18.257097184638212,3.901031135507658,3385.3221999728216,47.325369530436475
2024-02-26 23:00:00,23,0,16.445170345511684,5.516315078876733,3240.0104955438164,52.62092235726263
2024-02-27 00:00:00,0,1,17.519619553961764,4.084158876396987,3173.186319502469,51.16547914528508
2024-02-27 01:00:00,1,1,16.636578628290984,4.991983134385369,3272.951834437966,54.72569677075304
2024-02-27 02:00:00,2,1,18.06029193649794,6.748715841589814,3266.6447777320977,64.12473141222806
2024-02-27 03:00:00,3,1,21.82960101662947,7.3430647341419615,3037.4853617980607,59.26580256981174
2024-02-27 04:00:00,4,1,15.662381770482071,6.680335195423734,3183.1647667125762,62.858381158370335
2024-02-27 05:00:00,5,1,15.179061260591302,6.312325301314815,2972.92995666173,64.40067115420918
2024-02-27 06:00:00,6,1,21.348524711332,8.04792175090458,3171.102880919079,60.11556089184394
2024-02-27 07:00:00,7,1,17.98753670204105,7.729072848452735,2974.7503376769173,60.211420848956735
2024-02-27 08:00:00,8,1,17.06803857902495,7.071524301449994,2810.0100009890684,58.159635932913694
2024-02-27 09:00:00,9,1,20.485993431136936,6.008012387904385,2713.3511886123006,57.53060461946581
2024-02-27 10:00:00,10,1,17.194952976871058,5.975485329580982,2729.695608108306,49.567358681342114
2024-02-27 11:00:00,11,1,22.058203483438657,5.437458049682627,2771.5013262716084,57.33938666269976
2024-02-27 12:00:00,12,1,19.762035799023323,5.165425652307789,2697.45058714148,59.280030533061876
2024-02-27 13:00:00,13,1,17.43036124005338,5.207862628860626,2688.5063713995937,50.97272077537804
2024-02-27 14:00:00,14,1,22.72080048287579,4.439708520568702,2746.029407946458,43.868642431271844
2024-02-27 15:00:00,15,1,17.194754210338107,3.047098399134527,2727.48207252034,44.11805204872835
2024-02-27 16:00:00,16,1,19.8903748003634,3.956197417440892,2815.679407315696,43.080564436374296
2024-02-27 17:00:00,17,1,19.00476921715777,3.2247144174284412,2713.7750425787435,40.40543641476286
2024-02-27 18:00:00,18,1,21.00966663514238,3.343532897929458,3097.3726230852367,45.697996924479135
2024-02-27 19:00:00,19,1,21.52920644979849,3.8014187770611647,3107.525491562932,45.888970879528976
2024-02-27 20:00:00,20,1,18.470192354476318,2.7121590676743472,3072.654415596657,40.990839589996305
2024-02-27 21:00:00,21,1,16.899348315652418,3.567873648273673,3402.005532491488,48.221624330770716
2024-02-27 22:00:00,22,1,19.32612834222302,3.7342727243203915,3268.50926917457,52.69788700002545
2024-02-27 23:00:00,23,1,17.050753316840574,3.6984321971122287,3186.1633906892007,56.236933173957134
2024-02-28 00:00:00,0,2,22.524945410328524,5.17335498880246,3385.6737421470457,57.48303139947631
2024-02-28 01:00:00,1,2,18.77124157744075,6.773416365997253,3329.582569537647,48.76960783291405
2024-02-28 02:00:00,2,2,17.76752781265106,5.079961127747124,3299.265619683754,62.36005660940403
2024-02-28 03:00:00,3,2,18.867531527005095,6.39807325684836,3169.556473890805,54.895843976557536
2024-02-28 04:00:00,4,2,15.803918336215885,7.052322275106263,3195.0495723778035,55.77025300192126
2024-02-28 05:00:00,5,2,16.554942838253975,6.993390753406227,3051.469884508647,59.52787071774265
2024-02-28 06:00:00,6,2,20.898998731164127,6.94343597374213,3055.594145164584,57.14121132793939
2024-02-28 07:00:00,7,2,17.184382357332485,6.282243470855224,2731.8598410681802,59.74378601504869
2024-02-28 08:00:00,8,2,16.404348949911398,6.848444179038959,2806.612653702081,53.587417804850915
2024-02-28 09:00:00,9,2,19.57147642032985,6.035831573865131,2960.0834754248554,55.242205335893594
2024-02-28 10:00:00,10,2,20.86957922460127,4.905039147510723,2663.485633324638,57.74414203330346
2024-02-28 11:00:00,11,2,19.93607753660541,6.114934200461907,2649.838422363961,51.30440190695017
2024-02-28 12:00:00,12,2,20.49026628688691,5.4791929099210215,2655.2038661550023,49.31218269043807
2024-02-28 13:00:00,13,2,16.984580738136355,4.5081923982204986,2588.741638524415,47.72498069334516
2024-02-28 14:00:00,14,2,15.65454958179159,4.114537344102852,2519.364301241843,47.3993802181714
2024-02-28 15:00:00,15,2,21.50083821918625,4.122945443984687,2764.809325791674,36.85065338178467
2024-02-28 16:00:00,16,2,17.852811237591006,3.3801190208201644,2863.5859424081655,41.980713447886345
2024-02-28 17:00:00,17,2,17.996504882365183,3.520157124802521,2917.1037796153787,38.42371964960246
2024-02-28 18:00:00,18,2,21.154559198973395,2.8512588995630748,2985.5121438052115,39.38730901615394
2024-02-28 19:00:00,19,2,19.610630934076596,3.7241402167088364,3081.9498006157946,42.407987576614865
2024-02-28 20:00:00,20,2,19.409946459438494,3.4283420553974646,3252.2841471550764,36.64458133813851
2024-02-28 21:00:00,21,2,22.828175605077448,3.682812409429842,3193.0874157630424,38.77839419402368
2024-02-28 22:00:00,22,2,17.21113445451499,3.3649694556439833,3202.3993634266044,38.08110545107701
2024-02-28 23:00:00,23,2,20.353851171437753,4.625839836945811,3261.665199397912,44.651728053901884
2024-02-29 00:00:00,0,3,18.701665832552198,4.584022541252774,3357.9346759756777,49.48645269362435
2024-02-29 01:00:00,1,3,19.124824140484545,5.198496726940794,3430.9804357410458,47.7215845460927
2024-02-29 02:00:00,2,3,21.644576435583094,5.59231218584194,3196.993247218414,46.47478097352354
2024-02-29 03:00:00,3,3,19.603311095337276,5.881096096423482,3222.0254130588523,51.10918723862824
2024-02-29 04:00:00,4,3,19.664231740857296,7.794436509077357,3183.835744193596,49.69182458786042
2024-02-29 05:00:00,5,3,20.732654257377632,7.597521183572338,2978.387912857874,51.7788556181851
2024-02-29 06:00:00,6,3,17.85773412367226,7.9601837510721305,3002.041716721292,56.66161239127904
2024-02-29 07:00:00,7,3,16.909220248080018,6.320404142800355,2775.7869007350346,51.632793944460495
2024-02-29 08:00:00,8,3,16.498021194715964,6.767677682524324,2673.09496962606,57.493312613942194
2024-02-29 09:00:00,9,3,14.654926404006027,5.767459749771047,2824.5426064332614,52.35286259986237
2024-02-29 10:00:00,10,3,22.700053842638674,5.652152561401468,2701.80490473159,50.75193977232148
2024-02-29 11:00:00,11,3,16.381222851314664,5.0585745984967545,2730.4502928754014,47.248227208689435
2024-02-29 12:00:00,12,3,18.145132335586485,5.61979200322078,2698.210502299165,47.81369917611907
2024-02-29 13:00:00,13,3,18.034012982980187,4.284247070744079,2612.5822472469,45.25644487279373
2024-02-29 14:00:00,14,3,19.202452978376233,4.534189666847009,2735.6669486682345,41.50031871622442
2024-02-29 15:00:00,15,3,20.219114007836623,3.887846882421165,2664.5578351425497,40.11845516634538
2024-02-29 16:00:00,16,3,20.30858655947752,4.4197685684835175,2989.09723580014,36.19863261288224
2024-02-29 17:00:00,17,3,17.421484705620152,2.3284262358520014,2786.7572519832474,37.46250641832437
2024-02-29 18:00:00,18,3,18.253396155185207,3.6296166198933992,2980.421472903142,34.48152233406648
2024-02-29 19:00:00,19,3,19.15279948373463,3.641368782622227,2973.4185547260313,35.84259226408442
2024-02-29 20:00:00,20,3,18.090257330390937,2.7812597734176054,3207.0421173360796,36.01097037454463
2024-02-29 21:00:00,21,3,21.802330734798016,4.089353105863484,3178.988897227814,37.05243223066484
2024-02-29 22:00:00,22,3,19.56958948603453,4.168072481513113,3207.9409491732104,38.427820267322524
2024-02-29 23:00:00,23,3,20.057395154857666,4.368623779818253,3375.0979023918762,44.310035521039346
2024-03-01 00:00:00,0,4,20.000326084630792,4.588032256514,3302.943059167755,49.42697339892829
2024-03-01 01:00:00,1,4,21.021511262266618,5.158083364480449,3341.4421924803173,51.59665202652179
2024-03-01 02:00:00,2,4,19.03660666470338,7.024906047892963,3161.6750274835854,46.725459652651594
2024-03-01 03:00:00,3,4,16.080899651384275,6.414554971851836,3071.6503399632134,56.433832626574
2024-03-01 04:00:00,4,4,19.47393945080125,7.123115808334607,3160.7207962040134,53.200934193478496
2024-03-01 05:00:00,5,4,17.37184975971231,6.53640196174436,3045.7610779812835,56.95661296881536
2024-03-01 06:00:00,6,4,17.617330183796454,6.610073526889181,3062.6434672453943,52.77650966434627
2024-03-01 07:00:00,7,4,19.847291584806154,7.472844057203107,2914.363441202989,55.5803536650006
2024-03-01 08:00:00,8,4,21.151129690163238,6.057262701793111,2870.507533923463,55.096579247023016
2024-03-01 09:00:00,9,4,18.717106700768092,6.206606678420459,2625.5297126499117,48.11240909659442
2024-03-01 10:00:00,10,4,19.292229572493895,6.017013705536116,2929.036072826094,52.31995715952047
2024-03-01 11:00:00,11,4,22.078993436566442,5.573324391125069,2693.7980536100763,52.12115113502806
2024-03-01 12:00:00,12,4,19.156069906273103,4.910453357491922,2769.75869703392,44.97121182344302
2024-03-01 13:00:00,13,4,23.877929775656757,4.68027180034292,2626.613085091317,46.987469601946735
2024-03-01 14:00:00,14,4,19.805582838559054,4.346427877908907,2770.9933690864023,39.92607518013068
2024-03-01 15:00:00,15,4,15.153038028984332,3.953105210356571,2657.583489291561,40.972841441762284
2024-03-01 16:00:00,16,4,20.181246789505032,2.77504728809721,2895.2067838259672,30.179191724790222
2024-03-01 17:00:00,17,4,19.436880317061522,2.926070798457465,2886.7568780306606,43.09223073553761
2024-03-01 18:00:00,18,4,21.254069055461457,3.597381430938469,3002.9190503935565,39.981530396216776
2024-03-01 19:00:00,19,4,20.020926249835885,3.515471941208799,3147.443116543766,34.98202088483618
2024-03-01 20:00:00,20,4,18.39765157932842,2.5815194666905907,3026.745968877972,30.918634542712066
2024-03-01 21:00:00,21,4,16.225967074717236,3.7615263878030056,3143.6828612946842,39.2881729535389
2024-03-01 22:00:00,22,4,18.256517032723917,3.0108873753125938,3305.540049244008,36.16337901926663
2024-03-01 23:00:00,23,4,16.973522638877366,4.505829360825142,3499.5998953413955,44.24152582213515
2024-03-02 00:00:00,0,5,17.597870151832986,5.9488835083729885,3286.191766533852,50.12209248771127
2024-03-02 01:00:00,1,5,19.93607386028365,5.043691731570548,3348.891359679114,48.651376274237556
2024-03-02 02:00:00,2,5,22.098726060145243,5.582838477254209,3249.1104741494837,57.25029640106156
2024-03-02 03:00:00,3,5,19.548260111088393,6.796228453159524,3406.356593831594,58.37518725050242
2024-03-02 04:00:00,4,5,16.367150927372062,5.960650049964054,2975.2778333034744,60.4751193799285
2024-03-02 05:00:00,5,5,19.64812238788271,6.6154741376356165,3087.107817997692,58.57322670411579
2024-03-02 06:00:00,6,5,21.152180024733735,7.298220568790876,2837.445596643794,54.640823129477305
2024-03-02 07:00:00,7,5,17.539351242803665,6.614708728733435,2671.6971294155724,61.480270409742516
2024-03-02 08:00:00,8,5,18.490882718096596,6.614065813963392,2879.7462053117815,56.73653517065544
2024-03-02 09:00:00,9,5,18.788293440900826,6.7863064175306125,2801.8177452587815,51.78912271250589
2024-03-02 10:00:00,10,5,17.189120425277952,6.210773041768281,2711.708685090448,57.9435134281414
2024-03-02 11:00:00,11,5,20.055477919130148,5.651047288352744,2699.602843109304,57.77380834275117
2024-03-02 12:00:00,12,5,18.517020754226866,4.830438860364981,3009.829943407126,48.763650943280815
2024-03-02 13:00:00,13,5,19.597981939256485,4.667392467429436,2684.404738310136,52.77656834300309
2024-03-02 14:00:00,14,5,16.98393269583823,3.9381336599501227,2791.2048149896755,44.16133951605247
2024-03-02 15:00:00,15,5,17.88400045079561,3.8146892425897985,2722.9314836826475,40.6749598058539
2024-03-02 16:00:00,16,5,20.203679767097974,3.019483179872134,2879.5232575040604,38.33576592981761
2024-03-02 17:00:00,17,5,18.013250747258898,2.976863860232093,2898.5309189636823,44.13938429130597
2024-03-02 18:00:00,18,5,22.21284475390924,2.505021103723993,2958.948151727027,36.54696368605511
2024-03-02 19:00:00,19,5,17.959644680213227,3.050644542418745,3259.5355667507883,41.433944997252695
2024-03-02 20:00:00,20,5,19.2082865029462,2.8624487606167004,3267.718496318434,38.549649787196415
2024-03-02 21:00:00,21,5,20.624098715188612,3.028763212545908,3225.8066990958873,40.43540723062986
2024-03-02 22:00:00,22,5,15.922185585576369,4.129330573927693,3029.3864275409346,46.97814441212712
2024-03-02 23:00:00,23,5,15.23729942748088,4.588731797723787,3253.676825561464,45.159094340325154
2024-03-03 00:00:00,0,6,15.789362470293446,5.391436867474286,3570.3027564405083,51.90306287103279
2024-03-03 01:00:00,1,6,21.365843306288,5.302075305417492,3266.71158122275,59.10405355184329
2024-03-03 02:00:00,2,6,17.73695880764874,6.2040264234183775,3370.1293783406977,62.909640888958535
2024-03-03 03:00:00,3,6,23.95707367077014,6.689612348509926,3356.3262745512243,62.12258623101184
2024-03-03 04:00:00,4,6,17.71217990211886,6.954437711484674,3171.8963915855975,59.8133937202662
2024-03-03 05:00:00,5,6,19.209777705827708,6.519024811177065,2993.4635503439413,61.244881774291606
2024-03-03 06:00:00,6,6,21.924895004569386,7.074681741135595,2756.468766821711,63.357194800513774
2024-03-03 07:00:00,7,6,22.85286087575188,7.113921800605467,2990.7706073301397,63.73949745796132
2024-03-03 08:00:00,8,6,22.96368225270643,6.735640041022848,2768.5243997176453,58.81410531671874
2024-03-03 09:00:00,9,6,21.25740756061992,5.370974733187553,2805.483010832805,62.35763063989873
2024-03-03 10:00:00,10,6,20.88880015105656,6.08024481198674,2615.2103449057317,58.37398899821246
2024-03-03 11:00:00,11,6,20.025728997836,6.623903609903664,2683.698498066259,50.55851450440449
2024-03-03 12:00:00,12,6,20.39739725176691,4.819980365621508,2703.3719054901053,50.33066956191148
2024-03-03 13:00:00,13,6,17.73830366677657,4.118323360867298,2737.081610217709,49.01687253731347
2024-03-03 14:00:00,14,6,17.204277332589022,4.1866742798557,2628.7101601294266,47.8988759427705
2024-03-03 15:00:00,15,6,18.83392618461173,3.741975542860192,2907.5590605201705,51.71421758394018
2024-03-03 16:00:00,16,6,18.50030585438378,3.8643167751393306,2790.310521526803,45.17170888986817
2024-03-03 17:00:00,17,6,17.934219000779084,2.4392142694674197,2754.9073404239193,40.935875076707106
2024-03-03 18:00:00,18,6,20.233449994347065,3.3656901262874963,2989.0976580036536,43.779341422215154
2024-03-03 19:00:00,19,6,20.751285516574658,3.363359378047595,3081.083244433402,42.40192750404133
2024-03-03 20:00:00,20,6,19.01748887201733,3.19687592396085,3166.058943317176,45.43146969004991
2024-03-03 21:00:00,21,6,21.79573526154416,3.7551300965877497,3348.345274724472,47.78808425853504
2024-03-03 22:00:00,22,6,16.557296871166624,4.514728740799177,3236.1627374617456,51.74514095096547
2024-03-03 23:00:00,23,6,18.4533561808742,4.918519599809182,3277.8157854498436,50.456399071258375
2024-03-04 00:00:00,0,0,17.486168823389875,4.428490343963135,3189.6815618766905,59.9168815827995
2024-03-04 01:00:00,1,0,15.186740230449365,5.927717183582784,3371.8330981755103,60.312258438633776
2024-03-04 02:00:00,2,0,18.754452092910086,5.967655697483741,3278.238527543142,57.87768136556343
2024-03-04 03:00:00,3,0,18.67631844782892,6.450650611380853,3170.1292616265478,68.70063480911087
2024-03-04 04:00:00,4,0,21.946712951079746,6.768649303069724,2959.5325306534537,64.64123757765468
2024-03-04 05:00:00,5,0,20.18143683370504,6.8567301581790066,3222.0869330362652,62.15388475097398
2024-03-04 06:00:00,6,0,16.871439815937077,7.595853748553532,2877.2320035543944,69.95873915369127
2024-03-04 07:00:00,7,0,22.62799859726386,6.8899926726535305,2863.2264855322733,70.89259101848602
2024-03-04 08:00:00,8,0,21.36188085564619,6.172277743377293,2885.8344511076,63.56117824668571
2024-03-04 09:00:00,9,0,20.084008871532717,6.217448634388231,2668.2121727823674,60.56011703073869
2024-03-04 10:00:00,10,0,18.46684526689582,6.089347358405238,2590.841401039354,59.48287512763901
2024-03-04 11:00:00,11,0,17.000934991148526,6.132245482353568,2497.827493843213,59.73238563357831
2024-03-04 12:00:00,12,0,18.17539991245338,5.301547342474417,2772.0996952905634,58.83356996509154
2024-03-04 13:00:00,13,0,21.097310704003856,4.0570942704214366,2655.703627640647,54.123271541565515
2024-03-04 14:00:00,14,0,22.688986076464705,5.242594958339446,3032.9193881120013,50.30516962541531
2024-03-04 15:00:00,15,0,22.006300521139863,3.7181740931158958,2688.432459080948,52.422967499047814
2024-03-04 16:00:00,16,0,17.942114621022938,3.9056445614306305,2757.854897657108,45.401236543001055
2024-03-04 17:00:00,17,0,16.680578598017462,2.992291130633249,2865.814989440704,48.43349975221004
2024-03-04 18:00:00,18,0,19.201585958417894,3.266679622352725,3024.3134655138488,44.13581160494616
2024-03-04 19:00:00,19,0,15.382934733469781,3.4878825996810656,3030.6253796522246,46.63381061114199
2024-03-04 20:00:00,20,0,19.56614889296505,3.877046548308251,3211.2332214002513,45.999058267784264
2024-03-04 21:00:00,21,0,18.624608291998147,4.114470590316017,3114.2731953570988,47.76137564017609
2024-03-04 22:00:00,22,0,17.987740460859,4.436098500036488,3121.648449288973,48.86784044761336
2024-03-04 23:00:00,23,0,15.730407330061894,4.324818544197902,3109.9562739458097,56.44637164251687
2024-03-05 00:00:00,0,1,20.023508909661867,4.7141269790219695,3077.6425832062805,50.91867089496806
2024-03-05 01:00:00,1,1,17.93090701719861,5.683941845367141,3237.970845939215,53.48494270267275
2024-03-05 02:00:00,2,1,16.65647502510186,6.466564036170535,3229.7095898960097,64.480429706829
2024-03-05 03:00:00,3,1,13.251784269959135,6.302853211984791,3148.9883316076457,63.12205951512213
2024-03-05 04:00:00,4,1,18.94127888642116,7.26463679042607,3274.340579718716,54.622361951058934
2024-03-05 05:00:00,5,1,22.54081188986192,7.6581600253212265,3200.44873449157,61.08093105455313
2024-03-05 06:00:00,6,1,22.318827125618174,6.5418395404632905,2966.51970125555,57.681480996607505
2024-03-05 07:00:00,7,1,18.08211618334989,6.513391300679997,2742.9621751500476,59.92463519193858
2024-03-05 08:00:00,8,1,17.79188457579887,6.6618632781162095,2793.3294891944947,52.362159048435934
2024-03-05 09:00:00,9,1,19.93385720867248,6.5680198964676935,2727.8858262523295,59.77754808807731
2024-03-05 10:00:00,10,1,16.99953781814585,5.737716493116475,2674.478882636862,54.69162355180973
2024-03-05 11:00:00,11,1,19.599892496161367,6.193739429638614,2640.450361723455,55.88535523070819
2024-03-05 12:00:00,12,1,20.528469253291814,5.2120334307592255,2634.6537104275194,48.24208523264609
2024-03-05 13:00:00,13,1,21.450175144291048,4.502085433915329,2671.5680905235035,50.77799411778458
2024-03-05 14:00:00,14,1,18.796000543562528,3.282045238065737,2676.6382689831125,46.87270017493268
2024-03-05 15:00:00,15,1,18.5889611961685,2.927878529413152,2808.7002165065946,50.55224009299398
2024-03-05 16:00:00,16,1,17.24034352300931,3.4084538175720263,2886.036871590486,48.69126555668616
2024-03-05 17:00:00,17,1,17.342547988442714,2.0018505343444453,2831.289777750995,45.81422755543383
2024-03-05 18:00:00,18,1,18.54335091271938,3.5063187048220357,3127.1065326007033,42.13760766731003
2024-03-05 19:00:00,19,1,19.73103971015479,2.989071425235703,2979.6394833466948,49.414331932183856
2024-03-05 20:00:00,20,1,20.82347794898893,4.889495677228489,2988.219938618466,39.79808913792982
2024-03-05 21:00:00,21,1,17.389950795161745,4.73974456293496,3250.2098414924694,41.835705308737204
2024-03-05 22:00:00,22,1,21.98168583444148,3.9092754653762407,3178.0668076938973,47.86609970962646
2024-03-05 23:00:00,23,1,18.454061494437298,4.429193408529299,3321.9068949624593,57.29137288503181
2024-03-06 00:00:00,0,2,19.027403539329484,5.497790757001015,3059.633139889947,48.280378609608164
2024-03-06 01:00:00,1,2,17.57571476973071,6.369224395164061,3429.0233420350273,50.92585005161579
2024-03-06 02:00:00,2,2,14.221657607480473,5.180985471281992,3327.036961939372,49.561664261882996
2024-03-06 03:00:00,3,2,20.838228920748456,5.521025829695752,3062.084379439664,58.79625189789503
2024-03-06 04:00:00,4,2,20.543825922211223,6.421033404791686,3002.1222876153715,60.40717813105087
2024-03-06 05:00:00,5,2,18.50748301378993,7.223220444165069,3244.872303940509,60.913879197308844
2024-03-06 06:00:00,6,2,19.2041195624761,7.248436795253799,2926.262009650204,56.99973331167634
2024-03-06 07:00:00,7,2,20.102016563434557,7.466737380070062,2838.9358015959815,56.4265332879901
2024-03-06 08:00:00,8,2,15.945046414253273,6.132202043386224,2623.394790585072,53.66828261684791
2024-03-06 09:00:00,9,2,18.012032773333768,5.256141630888656,2752.7901450838804,56.2100806473667
2024-03-06 10:00:00,10,2,20.658667487270012,6.4290070976510725,2717.420417381093,50.64617334238292
2024-03-06 11:00:00,11,2,16.56155928168786,5.103539953722425,2781.771561790228,47.94333626549577
2024-03-06 12:00:00,12,2,19.657253992359617,3.9907560678056813,2560.0921571815525,47.6163231794864
2024-03-06 13:00:00,13,2,16.35697451877955,4.554893782774649,2558.1935728892186,44.83173635364058
2024-03-06 14:00:00,14,2,20.00299809289341,4.396587844109339,2785.288642342316,42.27345974375256
2024-03-06 15:00:00,15,2,18.99885516343139,3.5247578715662673,2888.540972766742,43.21566130887375
2024-03-06 16:00:00,16,2,15.839874496215339,3.039024999339879,2692.8847648882115,40.46428469882488
2024-03-06 17:00:00,17,2,21.3996168369407,2.9884672313489102,3030.505695099218,38.3636689757944
2024-03-06 18:00:00,18,2,17.60095497443026,2.8147086187996084,3003.7541841486823,39.43643411515287
2024-03-06 19:00:00,19,2,17.449633253997597,2.3941247914517794,3186.8262474382204,36.25355594401384
2024-03-06 20:00:00,20,2,19.471276522488242,2.9106088539359067,3142.9779638482382,40.54297716410308
2024-03-06 21:00:00,21,2,21.367412826883786,3.846426390133812,2959.904242607169,42.26813499688685
2024-03-06 22:00:00,22,2,17.038494490069564,4.160839270688249,3244.6108829037275,39.378254752145985
2024-03-06 23:00:00,23,2,19.1934978277223,4.566391812778367,3395.792129753848,49.2862861423043
2024-03-07 00:00:00,0,3,19.99891288251448,4.5024257590733106,3210.6253980916285,42.850854544806914
2024-03-07 01:00:00,1,3,20.527491096379624,5.426886509137208,3250.981250995975,48.354275509132414
2024-03-07 02:00:00,2,3,19.494162992407787,4.911467476778572,3242.194270780234,53.98839088209371
2024-03-07 03:00:00,3,3,18.40722420368669,6.5034518943157895,2922.180646369116,55.343253745494984
2024-03-07 04:00:00,4,3,17.486099440555897,7.44647966147566,3317.1347575437476,54.25840986403879
2024-03-07 05:00:00,5,3,19.313567647946087,6.194785586557083,2987.508145541039,54.06691691473238
2024-03-07 06:00:00,6,3,16.997001857882122,6.707036163341122,3050.5735432472798,58.3376913862146
2024-03-07 07:00:00,7,3,13.298578914864121,7.096405041933201,2913.684172854423,57.178498856804445
2024-03-07 08:00:00,8,3,20.01439949016867,7.35847212478262,2975.761905635936,52.3003146381999
2024-03-07 09:00:00,9,3,20.949149564025728,6.19010125422302,2828.473577886844,50.181542531348306
2024-03-07 10:00:00,10,3,14.41541501076966,5.653874835367052,2716.6999517125705,44.278090115399905
2024-03-07 11:00:00,11,3,17.12181847243346,4.533176518997001,2620.8707428613516,48.54544163656388
2024-03-07 12:00:00,12,3,20.379588403863732,5.051719064654053,2779.785070138214,45.24706242543271
2024-03-07 13:00:00,13,3,23.256270821276733,5.503399929866831,2522.8781217178175,46.315539333390326
2024-03-07 14:00:00,14,3,19.18286729720415,4.138679230982339,2804.7814208922573,41.572320940929
2024-03-07 15:00:00,15,3,17.68527399939507,3.574646948035049,2677.963490488548,42.426775431140506
2024-03-07 16:00:00,16,3,18.775486999643654,3.428990347814616,2975.228366195664,34.74280893889501
2024-03-07 17:00:00,17,3,21.891032720149706,3.0626023454475626,2938.4842407355136,39.25034839050008
2024-03-07 18:00:00,18,3,17.849351523604266,2.593492813869935,3064.412376785011,33.90840652317394
2024-03-07 19:00:00,19,3,17.54289586855283,3.479788305260716,3085.844594913228,38.16868558297403
2024-03-07 20:00:00,20,3,18.175792837489272,3.380829953987,2974.7622904859004,32.45862644505144
2024-03-07 21:00:00,21,3,17.234622665335912,3.594593063593733,3126.05911801643,39.129493746720996
2024-03-07 22:00:00,22,3,19.386620513842928,3.512316986360874,3327.0465548964694,34.541091836150166
2024-03-07 23:00:00,23,3,22.390636798792457,5.134115875762336,3306.443329622705,42.105552751637426
2024-03-08 00:00:00,0,4,19.855871423398405,5.332351372666555,3418.0989905305673,46.81621764212164
2024-03-08 01:00:00,1,4,18.70500587291377,5.24117767152139,3330.1052041904377,46.520440457819824
2024-03-08 02:00:00,2,4,18.626090339335256,6.500912426840968,3163.1374320650657,47.34384277422
2024-03-08 03:00:00,3,4,16.083331259773033,6.165428143180491,3132.525620583901,55.10457888024118
2024-03-08 04:00:00,4,4,20.975932431460663,6.341049061313358,3160.291739052324,53.84502132879152
2024-03-08 05:00:00,5,4,19.054038483140744,6.552000093837993,2846.241306930746,53.68570198228657
2024-03-08 06:00:00,6,4,18.848753049985095,6.114465723455955,3167.3441885622983,55.62084342395073
2024-03-08 07:00:00,7,4,25.595928012856067,7.167622842787239,2966.528960107,63.06442134921535
2024-03-08 08:00:00,8,4,19.80721869389772,5.816478368399703,2972.7034597048873,57.61591824767692
2024-03-08 09:00:00,9,4,17.70613077697598,5.799991646740214,2629.807571563119,56.0539444769169
2024-03-08 10:00:00,10,4,18.35699768475526,4.962205995460733,2864.6488949001937,51.80179461746499
2024-03-08 11:00:00,11,4,21.506604295559857,5.474603243809596,2933.372143216054,48.58280192924456
2024-03-08 12:00:00,12,4,19.436253698241874,4.924839769864064,2567.9121644622683,38.30690879549665
2024-03-08 13:00:00,13,4,16.333156920531614,4.319013803201776,2787.362431603656,40.8700241700733
2024-03-08 14:00:00,14,4,21.048170746316753,3.4787111526647125,2740.3033733333973,39.053432420880476
2024-03-08 15:00:00,15,4,17.873424706088358,2.999669560908586,2633.424580819211,32.79941165647983
2024-03-08 16:00:00,16,4,22.95630842960144,3.5001341242044104,2899.288397185187,33.36265425199722
2024-03-08 17:00:00,17,4,21.369809008595645,2.7928723815676197,3005.714606952979,29.89338798482932
2024-03-08 18:00:00,18,4,18.315069085848844,3.1581791607680723,2939.8873447331152,35.38018415339579
2024-03-08 19:00:00,19,4,21.77174560063657,2.625524004359752,3194.2373655562783,38.29219531014366
2024-03-08 20:00:00,20,4,19.345423898221153,3.358480563816664,2983.3236593210804,40.15522517851651
2024-03-08 21:00:00,21,4,20.915260227410784,4.237425456284937,3062.6564197109997,39.668441234860154
2024-03-08 22:00:00,22,4,20.179178511755296,4.29308290019639,3273.4673606942065,37.604966636892186
2024-03-08 23:00:00,23,4,17.516999567184598,4.276155000686717,3292.316275683948,37.11076973390281
2024-03-09 00:00:00,0,5,17.988317171157043,5.128599485177964,3228.3426511575894,43.61678923201392
2024-03-09 01:00:00,1,5,21.335338470954287,5.397305502939935,3370.737191483909,47.66863804948014
2024-03-09 02:00:00,2,5,18.605866171578885,6.0039400923473645,3312.8970525569266,51.2208162361114
2024-03-09 03:00:00,3,5,18.468119909307973,6.251408036298843,3297.945941449366,55.47921764810914
2024-03-09 04:00:00,4,5,17.365171677093258,6.649883204626181,3137.6863564647733,54.5051567136819
2024-03-09 05:00:00,5,5,20.122614966978887,7.037898329115224,3137.9037403285906,59.56358127411389
2024-03-09 06:00:00,6,5,23.400466674278256,6.503320650209025,2955.4349696970007,58.19057482182001
2024-03-09 07:00:00,7,5,17.14035100728342,6.423912239083148,3127.7361554779036,58.578290728332185
2024-03-09 08:00:00,8,5,19.323855749137483,6.037779530653272,2768.7454229878012,60.96840102607643
2024-03-09 09:00:00,9,5,22.099857946622823,5.61407801012124,2998.397708589867,52.417767939482786
2024-03-09 10:00:00,10,5,19.116134053300534,5.39135865388976,2743.681173573609,55.14350906509553
2024-03-09 11:00:00,11,5,20.180160428291433,5.597369343607107,2572.6711631564053,51.43366609581542
2024-03-09 12:00:00,12,5,17.150629779498207,4.553606242254058,2836.80793504886,47.88693648730934
2024-03-09 13:00:00,13,5,20.132031030207262,4.739169141910507,2722.8123909527753,48.9549738417911
2024-03-09 14:00:00,14,5,18.90112830578287,4.017356874376282,2825.304788702692,46.52443779388945
2024-03-09 15:00:00,15,5,21.24687682715169,2.601534330907879,2910.253557498295,38.97685513038767
2024-03-09 16:00:00,16,5,21.650188938921467,3.5954369845419683,2883.7955554145024,39.68065954080027
2024-03-09 17:00:00,17,5,24.454544119829194,3.4735476702177186,2863.1302019879627,40.07177211507994
2024-03-09 18:00:00,18,5,20.434683182219118,2.5030686625825735,3097.571337766925,38.068375086150674
2024-03-09 19:00:00,19,5,19.9270094689563,3.2782441188693587,3077.7212642762156,40.98320106419113
2024-03-09 20:00:00,20,5,19.66418543894664,2.839700073726523,3218.585781860842,41.07071734610487
2024-03-09 21:00:00,21,5,18.56908425017059,3.6346216260010724,2996.758976976818,47.314011239420985
2024-03-09 22:00:00,22,5,19.95238452271535,3.3677507965225164,3304.5057928363167,39.29655792242905
2024-03-09 23:00:00,23,5,18.684614015513908,3.5858086835276684,3225.919165372218,45.93189690995102
2024-03-10 00:00:00,0,6,19.67529424076848,4.808591405193516,3465.330963717853,50.39194147475709
2024-03-10 01:00:00,1,6,21.97356735944517,5.455773617067623,3352.08648267563,57.517961826636004
2024-03-10 02:00:00,2,6,17.32528715766997,5.801160153192698,3283.7933957202613,53.26593333915703
2024-03-10 03:00:00,3,6,21.61812941048734,5.822198283261815,3260.7630336909865,61.2274549518338
2024-03-10 04:00:00,4,6,21.97260242290898,6.532101276503308,3050.155914712328,59.88755775309302
2024-03-10 05:00:00,5,6,19.102235234247093,7.0664990288685035,3239.971382583562,60.574221673821306
2024-03-10 06:00:00,6,6,15.094662490212063,6.977553484938731,3199.1370418416905,58.7779543986716
2024-03-10 07:00:00,7,6,18.122728314040387,7.023102167877743,2961.6456375240655,61.381479433581326
2024-03-10 08:00:00,8,6,21.93236138135147,6.396993207341761,3009.040356857364,65.03120463801083
2024-03-10 09:00:00,9,6,19.29263616363149,7.000072519731175,2730.9531457767825,60.112950770570706
2024-03-10 10:00:00,10,6,17.33976782363943,5.41191333172261,2660.48102224217,60.00049026291709
2024-03-10 11:00:00,11,6,18.32882244577282,5.761418238748401,2714.3147269861715,60.699564926217704
2024-03-10 12:00:00,12,6,21.019612341238357,5.590945546479981,2743.4941038367897,53.90871576376139
2024-03-10 13:00:00,13,6,20.43183942463201,4.7228159561694065,2670.8235839889676,48.852859842081436
2024-03-10 14:00:00,14,6,18.860508089889862,3.8987378864675857,2793.9691979015165,49.51920565484203
2024-03-10 15:00:00,15,6,18.604723464599875,3.321637914295416,2818.506913851377,44.41349275848532
2024-03-10 16:00:00,16,6,18.554855990141608,3.7859930179542514,2750.1693224708947,42.943926921557775
2024-03-10 17:00:00,17,6,17.493551919232246,2.356660884791027,2974.233588214416,38.89851234754603
2024-03-10 18:00:00,18,6,22.569123667168135,2.5149378698101783,3086.352824252152,45.89622148254684
2024-03-10 19:00:00,19,6,18.693731349806573,2.8693694646760024,3094.792645289795,42.30018301945466
2024-03-10 20:00:00,20,6,21.772689329880244,3.8867760711871218,3265.264810326169,45.00348970889687
2024-03-10 21:00:00,21,6,22.381004392074153,3.7756702556473525,3090.391655006269,42.93849541160827
2024-03-10 22:00:00,22,6,21.33499408452517,3.5159771207448767,3306.6026633485167,49.42529189844007
2024-03-10 23:00:00,23,6,18.475131662793157,4.327208057102505,3172.749677247043,48.2434348438632
2024-03-11 00:00:00,0,0,20.206020760092173,4.692838427951853,3188.591864176691,54.574873834894525
2024-03-11 01:00:00,1,0,19.35016936663712,5.1627435940882735,3226.6846645129417,60.221668544742585
2024-03-11 02:00:00,2,0,17.591156857958698,6.48944477927839,3165.6016027779074,62.372277936697586
2024-03-11 03:00:00,3,0,20.047279142862163,5.728341997741342,3157.3324524818504,62.00497759431465
2024-03-11 04:00:00,4,0,17.04048099709935,7.5364412354360635,3128.584968928881,58.355860939724224
2024-03-11 05:00:00,5,0,21.773919356342084,7.345966497670448,3161.3611621638947,73.63768997307261
2024-03-11 06:00:00,6,0,18.46932598482217,7.545430835301849,2967.88409612943,70.23757691081941
2024-03-11 07:00:00,7,0,19.800879891164634,6.700381896565507,2763.791715792285,66.82728273755558
2024-03-11 08:00:00,8,0,19.96513632251124,6.657080448029323,2964.0067846495162,61.400642693071475
2024-03-11 09:00:00,9,0,18.880750632010802,5.697637655110739,2704.158952282532,61.730291326759584
2024-03-11 10:00:00,10,0,20.571948182369503,5.737668796466599,2734.3203361542055,58.36973871067045
2024-03-11 11:00:00,11,0,18.448753266173906,5.764465514026618,2754.8759028073505,61.379758268314376
2024-03-11 12:00:00,12,0,21.141155174333445,5.648031530890698,2719.961041840278,55.787508672555504
2024-03-11 13:00:00,13,0,16.706601218925456,3.928783501393733,2819.640206865427,50.0593179738953
2024-03-11 14:00:00,14,0,19.65131973851178,3.817247031507368,2788.0926932039442,48.58773470262565
2024-03-11 15:00:00,15,0,23.276418577535523,3.5101368275106446,2701.7370076743246,51.29249661584424
2024-03-11 16:00:00,16,0,17.397897930207805,2.5700545913348805,3067.8562173991663,51.14003950261705
2024-03-11 17:00:00,17,0,18.04307063836925,3.3638229683010636,2941.7876328030675,49.925736427568054
2024-03-11 18:00:00,18,0,20.426376278736786,2.6380048341286955,2985.2659773378496,47.27109619516193
2024-03-11 19:00:00,19,0,19.75772414329815,2.970453171833351,3174.038255836313,44.5828671307014
2024-03-11 20:00:00,20,0,20.099820777966073,3.041974506475184,3174.945094593007,36.61520448616825
2024-03-11 21:00:00,21,0,20.37693483971428,3.1911171847670676,3252.054853649897,48.82041225955919
2024-03-11 22:00:00,22,0,20.668003516542495,3.996477507259722,3509.0260209954,49.99451372346769
2024-03-11 23:00:00,23,0,21.6179602633314,4.3745571205109455,3262.265605061216,52.83175583793885
2024-03-12 00:00:00,0,1,20.27560118812845,4.814071058860668,3268.2239105982603,53.279141050393285
2024-03-12 01:00:00,1,1,18.973448565034342,5.15340727936487,3301.435599087967,51.7268529744714
2024-03-12 02:00:00,2,1,20.801111276676888,6.159762335391478,3366.9592146934356,59.789674679847224
2024-03-12 03:00:00,3,1,23.255727744061858,7.241022196619237,3061.478631336924,62.08516576325469
2024-03-12 04:00:00,4,1,19.190696381506278,6.8019944239884405,2953.4444108523494,63.824719393317025
2024-03-12 05:00:00,5,1,17.506905264930143,7.429910760033701,3018.9341864687417,65.61643828290451
2024-03-12 06:00:00,6,1,21.67012521284537,6.304889037423269,2836.6077040940713,64.92960394405853
2024-03-12 07:00:00,7,1,19.21520154636423,7.010732372225021,2879.8711517166803,61.546619037567616
2024-03-12 08:00:00,8,1,15.110624782243352,6.183366648083345,2900.249969612929,61.56519250338978
2024-03-12 09:00:00,9,1,21.15080722857227,5.675751098607144,2698.7930792888096,60.46189142291927
2024-03-12 10:00:00,10,1,18.38530750236358,5.630314296270482,2597.509721186534,58.44054735661352
2024-03-12 11:00:00,11,1,19.274897309663103,6.113587757411829,2717.155968284814,58.700292428234064
2024-03-12 12:00:00,12,1,20.119924535409453,5.475007914334823,2786.254348461517,55.04845526836114
2024-03-12 13:00:00,13,1,19.836963233829557,4.603864270822158,2540.724908261618,56.76128887697832
2024-03-12 14:00:00,14,1,20.874867508549503,3.2336497200550354,2822.2156186952666,54.73685594894768
2024-03-12 15:00:00,15,1,18.584991133131737,3.4876461119329374,2869.598586017868,46.28532994526997
2024-03-12 16:00:00,16,1,20.48217547062359,3.418799196881991,2945.408510215663,32.947228326071176
2024-03-12 17:00:00,17,1,18.936870519103593,3.1559164622111626,3044.202307956413,47.16868814478478
2024-03-12 18:00:00,18,1,20.933584836046432,2.078103208259627,3220.2013924659614,41.4963199923325
2024-03-12 19:00:00,19,1,20.68669884229753,2.6229894234119273,3042.0365086688503,41.053738980909955
2024-03-12 20:00:00,20,1,17.585086470182233,3.2359103103567644,3160.957158007786,43.261859146481186
2024-03-12 21:00:00,21,1,21.62792810662149,3.8539318923854995,3170.4881910311615,44.70645205698437
2024-03-12 22:00:00,22,1,18.38403698404333,2.901936089450026,3260.0053056109123,49.95425843960984
2024-03-12 23:00:00,23,1,21.072079470833717,4.401299922055028,3443.0650834503517,45.850951220889776
2024-03-13 00:00:00,0,2,20.24513978975422,5.071524384939476,3165.4985516069332,45.65423309284362
2024-03-13 01:00:00,1,2,23.18693251654178,5.942444084463148,3203.672780670163,52.505061443835885
2024-03-13 02:00:00,2,2,19.06363319820783,6.346428792118719,3397.525714785788,55.75622742145835
2024-03-13 03:00:00,3,2,18.811931570715142,6.705499221777497,3314.135685046173,57.88308807689194
2024-03-13 04:00:00,4,2,19.471725951176072,6.332080554217909,3113.686835318292,55.18654053126291
2024-03-13 05:00:00,5,2,18.904205597282985,5.977850584016482,3163.0859136428285,55.6118566453104
2024-03-13 06:00:00,6,2,21.110448966835637,6.8034736214692995,3034.1215842492034,57.36749082885467
2024-03-13 07:00:00,7,2,16.27794394607836,7.432667565182417,3072.381747369343,59.26627184996329
2024-03-13 08:00:00,8,2,17.40320032465883,7.428778071331093,2857.4509593826774,62.00408147588047
2024-03-13 09:00:00,9,2,17.37495931979315,6.769488113521987,2890.4311770312943,49.816151584771646
2024-03-13 10:00:00,10,2,21.41118034689869,6.214670411400867,3004.39356991393,53.22520905934333
2024-03-13 11:00:00,11,2,22.931791908115386,5.7074579143980255,2770.032167618026,47.477550458168025
2024-03-13 12:00:00,12,2,19.301666725876593,4.72194062661961,2704.9328165794846,43.93066729815796
2024-03-13 13:00:00,13,2,19.172921716571516,4.417331763018148,2782.4669506353775,49.20007481522768
2024-03-13 14:00:00,14,2,19.6506694891779,4.834534762913166,2703.6642930442795,45.52126905371644
2024-03-13 15:00:00,15,2,21.834321768167918,3.114507434730968,3026.664736196509,43.16462806619475
2024-03-13 16:00:00,16,2,17.65585889457039,4.075338587786049,2868.007103769598,42.990218811567026
2024-03-13 17:00:00,17,2,19.987303128421107,2.9071342701758343,2895.060954446693,37.78898037702934
2024-03-13 18:00:00,18,2,21.460960422516397,3.6627160545475395,2916.4310994979965,37.58948278121784
2024-03-13 19:00:00,19,2,20.512753502831227,2.3647408426730943,3187.3677326914,45.78532891749546
2024-03-13 20:00:00,20,2,19.889728396149025,3.5609012930134476,3236.718741282774,39.48742812959532
2024-03-13 21:00:00,21,2,21.512657348085817,3.2174013696530936,3162.3965972145547,44.02172385751523
2024-03-13 22:00:00,22,2,14.104100576953062,3.2923664040379053,3317.4527556475737,43.90653995310837
2024-03-13 23:00:00,23,2,20.86631580201335,4.59162893100043,3138.922151065435,40.754429288957965
2024-03-14 00:00:00,0,3,18.25419689966421,5.504735894297984,3318.4970575073157,39.361268649084096
2024-03-14 01:00:00,1,3,15.901082472206141,5.095167370908293,3335.05338309439,46.346393451693395
2024-03-14 02:00:00,2,3,20.58475346496902,5.2504920197708,3430.540602091254,53.66345941549787
2024-03-14 03:00:00,3,3,22.30966535624497,6.368291180205618,3135.050154083095,54.93109844226139
2024-03-14 04:00:00,4,3,19.28745123666367,6.688333143180286,3022.164737119768,56.89764119100438
2024-03-14 05:00:00,5,3,21.468097360324933,7.206011466355386,2988.1029174382525,52.19327538656964
2024-03-14 06:00:00,6,3,22.786904781896347,7.474797285682244,2866.343149968508,60.342773130854845
2024-03-14 07:00:00,7,3,22.19217717308715,6.90214406194189,3056.020022245142,52.25973402281943
2024-03-14 08:00:00,8,3,22.842277324661843,7.659802464966009,3004.8639295024036,54.7938828943422
2024-03-14 09:00:00,9,3,21.04660324806284,6.5263309346407405,2819.8896234389185,52.53516660263017
2024-03-14 10:00:00,10,3,19.713215543722242,5.82678674699655,2862.321873433183,49.97353419954415
2024-03-14 11:00:00,11,3,16.35841664212472,4.711854410653628,2723.618090171303,52.09912252639994
2024-03-14 12:00:00,12,3,19.070223289659157,4.868670239841916,2690.4888352299236,43.379824099990024
2024-03-14 13:00:00,13,3,17.875855075286673,4.31416843708939,2676.9184902079032,38.85814944232691
2024-03-14 14:00:00,14,3,23.904233700914684,4.480152398140736,2709.1532797269115,40.55514211910716
2024-03-14 15:00:00,15,3,19.21057664105438,3.817028249660333,2633.087810013132,37.22460764576285
2024-03-14 16:00:00,16,3,19.808757879488027,2.6782646316148147,2876.4254763607337,46.96705037989146
2024-03-14 17:00:00,17,3,20.66531901799999,3.154275540627382,2918.3208954478396,37.86541982691715
2024-03-14 18:00:00,18,3,19.649553158663963,3.3357655858645265,3074.5360724077877,34.26713393483203
2024-03-14 19:00:00,19,3,22.952450346780562,3.8321640271157795,3086.998063174617,32.66756269003596
2024-03-14 20:00:00,20,3,18.317049542450153,3.7117011761381526,3133.7296298430906,31.194036390937168
2024-03-14 21:00:00,21,3,19.95156317639354,3.9662097647826435,3125.012731355201,35.34843059141013
2024-03-14 22:00:00,22,3,18.07740709452296,4.030042997307581,3267.0229448175073,40.83998097576529
2024-03-14 23:00:00,23,3,16.922303243477643,4.676517912506681,3363.601470968337,47.188951164247
2024-03-15 00:00:00,0,4,18.387759656912436,5.624752450353079,3185.666100891614,48.86022308765166
2024-03-15 01:00:00,1,4,19.537224244626184,4.851249391465217,3298.5251232547944,48.770630606452244
2024-03-15 02:00:00,2,4,18.75269338968849,5.825280336391522,3283.11191628828,49.52565266338045
2024-03-15 03:00:00,3,4,18.226455878975298,6.027929187994975,3140.3255559941376,53.37266054158984
2024-03-15 04:00:00,4,4,16.79866291137934,6.921627366931939,3091.2143695092,52.59949570587856
2024-03-15 05:00:00,5,4,19.44508669346562,7.54696274040353,3100.706798407378,60.30950591067021
2024-03-15 06:00:00,6,4,16.601857090661003,6.701512856639463,2886.6578981707376,54.92758511666266
2024-03-15 07:00:00,7,4,21.131409766102212,5.736699468843417,2957.3466579941833,54.895400348638404
2024-03-15 08:00:00,8,4,19.776177344592014,6.525940435056643,2760.46456263408,47.507942423270286
2024-03-15 09:00:00,9,4,16.696194839793147,6.870950428381798,2894.1533349473575,51.97991893278509
2024-03-15 10:00:00,10,4,18.992879684623283,6.26881495147494,2973.975153403498,53.00460807438272
2024-03-15 11:00:00,11,4,18.106985027541842,5.73173121411033,2624.1465719430976,44.88017838039748
2024-03-15 12:00:00,12,4,20.24964685956137,4.86000334906276,2753.4207862374674,43.24299465700946
2024-03-15 13:00:00,13,4,22.292198730769297,3.8428465416850655,2637.5480616250775,45.285098262663695
2024-03-15 14:00:00,14,4,15.860952899431519,4.257647160812235,2844.2877962444472,36.06518398993374
2024-03-15 15:00:00,15,4,19.841349997017844,3.1686455326095935,2661.342124735514,41.59749087124819
2024-03-15 16:00:00,16,4,19.291032247589726,4.359997559121352,2898.058675842771,35.23846995212421
2024-03-15 17:00:00,17,4,20.95397799162394,3.3534019515991216,2835.055389780309,34.67019273612361
2024-03-15 18:00:00,18,4,20.037691095198387,2.7096758487230246,2979.301541090163,32.12352044511112
2024-03-15 19:00:00,19,4,18.10735917524537,2.762455723727549,2974.543186016025,36.97003617888087
2024-03-15 20:00:00,20,4,18.97318996738977,3.2214770891243285,3232.2350470895753,44.21451757773166
2024-03-15 21:00:00,21,4,18.01924612511603,3.46603547661603,3128.4339989120053,40.76857956700432
2024-03-15 22:00:00,22,4,21.763312115920204,4.558416887764976,3315.004047068514,37.90229987466629
2024-03-15 23:00:00,23,4,19.65392113606689,4.57556999466698,3255.3679450604873,46.31382696593712
2024-03-16 00:00:00,0,5,23.459780748054563,4.634184130545736,3288.552762820114,47.937356692415676
2024-03-16 01:00:00,1,5,19.536077748919304,6.462858432782933,3304.5533386267334,55.59904072552631
2024-03-16 02:00:00,2,5,18.240585842727622,6.024654165760111,3183.6251539694467,56.307424536711515
2024-03-16 03:00:00,3,5,16.62997059132289,6.798633400357543,3233.168745710053,47.1290384456687
2024-03-16 04:00:00,4,5,16.051120024036656,6.427937553846498,3303.033456435441,54.53541046919772
2024-03-16 05:00:00,5,5,16.489127490537566,7.113409466450398,2999.836234947485,61.37980926161528
2024-03-16 06:00:00,6,5,20.191652678571515,7.155554995571598,3117.1810143273847,59.34236714665348
2024-03-16 07:00:00,7,5,20.674849423008414,5.9870270065300595,3072.1640498180222,55.475385749985556
2024-03-16 08:00:00,8,5,16.49501797248428,7.739688362799198,2768.3845010971954,55.64688082158138
2024-03-16 09:00:00,9,5,21.44747600470078,7.059535792834368,2642.362505134981,50.23975328181576
2024-03-16 10:00:00,10,5,18.69127727318167,5.801402341927006,2770.388468881845,53.622275467639234
2024-03-16 11:00:00,11,5,19.950985400519645,4.966503219977115,2655.4814998365923,58.10765495929093
2024-03-16 12:00:00,12,5,22.881840633059397,5.173780806901776,2886.8603219163,51.3021955024154
2024-03-16 13:00:00,13,5,21.45107800827961,4.525710759502156,2713.7030061632627,52.87045588275849
2024-03-16 14:00:00,14,5,19.120338080736882,4.177834474281616,2659.97243806115,46.534586599588366
2024-03-16 15:00:00,15,5,17.875014925717974,3.681575135723951,2673.1520145428644,44.898765548411035
2024-03-16 16:00:00,16,5,15.353768573889937,3.5210696870840863,2958.990495909083,46.14937735560911
2024-03-16 17:00:00,17,5,18.219092738063708,3.791801197117767,2865.2358890608252,40.35992684535442
2024-03-16 18:00:00,18,5,19.235138898893158,3.284051602564323,3004.382879946043,38.32571336569779
2024-03-16 19:00:00,19,5,17.68304032224618,2.5433205979668925,3173.2259880420042,42.32610961719377
2024-03-16 20:00:00,20,5,19.394885442363936,3.949230618787349,3101.574164806917,44.5886620037397
2024-03-16 21:00:00,21,5,19.811103142466084,4.406093719371048,3207.539151481948,40.37643359021632
2024-03-16 22:00:00,22,5,19.20768741293239,5.576028367256042,3258.1507801530793,41.72268808319833
2024-03-16 23:00:00,23,5,18.35739421490163,3.920614893175158,3358.11019903833,46.71577297648585
2024-03-17 00:00:00,0,6,20.037948562448527,5.121441006575138,3359.0744335510326,55.611945610088654
2024-03-17 01:00:00,1,6,20.58452051765389,4.476588738610548,3267.766374761238,58.099912606303555
2024-03-17 02:00:00,2,6,17.51984106362938,6.276574578189605,3266.1725272849835,53.84494620873087
2024-03-17 03:00:00,3,6,22.522503978007613,6.140113413289709,3174.954133203615,65.92333502234911
2024-03-17 04:00:00,4,6,19.50346295394655,7.6937737049813535,3002.2387593080557,59.854208258947494
2024-03-17 05:00:00,5,6,19.738338464404766,6.544544167568845,3103.4057992705693,61.98151228151861
2024-03-17 06:00:00,6,6,21.117068065028185,6.155408481016369,3189.2191760833066,60.4094859293302
2024-03-17 07:00:00,7,6,20.167071481042075,6.696219782226876,2833.9823724001376,70.87169377999561
2024-03-17 08:00:00,8,6,21.60691248634156,5.744306921960309,2772.69702903973,62.50391505800196
2024-03-17 09:00:00,9,6,20.27488754891872,6.78976328962675,2700.7951884796616,57.63559157911445
2024-03-17 10:00:00,10,6,18.475764469234196,4.9674584768718395,2812.6515567369806,60.709219659181
2024-03-17 11:00:00,11,6,20.423646268927275,5.531866880796621,2755.0707975329233,58.01304679824898
2024-03-17 12:00:00,12,6,17.41318680387375,3.9610940900719016,2684.1462307583542,52.55426793855401
2024-03-17 13:00:00,13,6,19.917758630068118,4.322213007526638,2618.420345949383,53.05107869661861
2024-03-17 14:00:00,14,6,19.63417923722615,4.821689077902268,2749.430058028661,45.64157312680107
2024-03-17 15:00:00,15,6,19.284405503969992,3.7661103833448033,2631.405752910455,44.56762637258044
2024-03-17 16:00:00,16,6,19.44356419563721,2.836202389948656,2864.3426566857493,38.426545007751095
2024-03-17 17:00:00,17,6,15.936941127519793,3.052546602952322,3009.5067250780376,39.486337493744294
2024-03-17 18:00:00,18,6,18.60318940303315,3.0090084360222233,2874.8800863366323,48.54034142630572
2024-03-17 19:00:00,19,6,19.8863290207973,3.304463520343566,2924.3938858477895,48.38247662956992
2024-03-17 20:00:00,20,6,20.020352002509874,2.5845200107907096,3307.943789169486,44.65456091739617
2024-03-17 21:00:00,21,6,17.645288936663157,3.88207007455057,3150.9560704055057,51.035175538997706
2024-03-17 22:00:00,22,6,22.232054900244474,2.6478041841986117,3373.402405729714,47.637225549468745
2024-03-17 23:00:00,23,6,17.96828952208607,4.167419633613052,3274.3779813669375,49.79902765056473
2024-03-18 00:00:00,0,0,21.679918952777676,4.755863078774228,3283.804518305867,55.16953194539667
2024-03-18 01:00:00,1,0,20.595393275467572,5.834301503240661,3333.619017836385,57.21342566505451
2024-03-18 02:00:00,2,0,18.448549932036595,6.0113154263384345,3171.407735460688,59.35441102931946
2024-03-18 03:00:00,3,0,23.291626336943228,5.711432035444951,3225.3817487055285,65.50126213331413
2024-03-18 04:00:00,4,0,17.353730888211242,6.239554244660369,3111.851058517591,64.11066099971299
2024-03-18 05:00:00,5,0,21.579312898944206,7.03119165735184,2945.5963691902534,66.7967035561921
2024-03-18 06:00:00,6,0,21.74216918781016,6.960466329067722,3033.74820747264,68.094141575832
2024-03-18 07:00:00,7,0,18.399764133570912,6.642289597760263,2896.0235057814525,65.8238156498549
2024-03-18 08:00:00,8,0,22.52593515185286,6.491633912812888,2834.297517155529,60.749440060119674
2024-03-18 09:00:00,9,0,19.240911522526297,6.76229756095274,2666.85187130262,58.012470144973356
2024-03-18 10:00:00,10,0,20.318391810283916,5.741153713565392,2899.3324156409485,60.446341904421914
2024-03-18 11:00:00,11,0,20.261648229266644,5.473592468190506,2797.893670751891,57.07442153655041
2024-03-18 12:00:00,12,0,19.472387068783107,6.084968294040271,2796.415588417198,55.26217428676036
2024-03-18 13:00:00,13,0,21.362621098043768,3.770520591352997,2679.677781869111,52.36364743122903
2024-03-18 14:00:00,14,0,21.32798199282863,3.074078634212672,2567.274089914326,57.7507209804997
2024-03-18 15:00:00,15,0,16.24394060524784,3.977581270026209,2983.1597038929863,43.93825342121052
2024-03-18 16:00:00,16,0,22.34968503748051,2.9286276617840716,2843.890249199413,40.36990715269224
2024-03-18 17:00:00,17,0,16.416020575652855,2.9090295835505535,2847.4743068672387,46.33787223766815
2024-03-18 18:00:00,18,0,21.806096960407515,2.609421810934443,3041.6801574483115,43.87073233623541
2024-03-18 19:00:00,19,0,21.99441482537937,2.938248277038107,3194.357792331086,46.288945346299165
2024-03-18 20:00:00,20,0,17.559071691293806,4.067218248479294,3147.694944391453,48.09139502900762
2024-03-18 21:00:00,21,0,18.919375975815033,3.9868506669359642,3339.9895511499017,51.781246273671215
2024-03-18 22:00:00,22,0,17.52959521475233,4.431111755943488,3368.107614987018,45.478322538848175
2024-03-18 23:00:00,23,0,19.31116249114673,3.774248381898634,3182.139629146515,50.7416558554033
2024-03-19 00:00:00,0,1,19.16241484668509,4.424423131723565,3232.6209894340523,54.40373278593596
2024-03-19 01:00:00,1,1,21.33780447959525,4.098098760462328,3385.5314642146973,58.01703024738055
2024-03-19 02:00:00,2,1,22.399100907295786,5.595309589458623,2988.546364754288,64.69779766015883
2024-03-19 03:00:00,3,1,22.569851036636482,6.892565155565924,3197.1864650394655,63.05562873450074
2024-03-19 04:00:00,4,1,18.654147361899966,6.990524065443062,3006.9168798375326,61.607337259479216
2024-03-19 05:00:00,5,1,19.360039667567513,6.821095021102074,3029.990333387404,60.10540001335636
2024-03-19 06:00:00,6,1,16.411607030614668,6.9888498581409735,2970.1179910970795,61.42457945113661
2024-03-19 07:00:00,7,1,18.166743282064193,6.5874088812904334,2886.529848678493,60.99859880331303
2024-03-19 08:00:00,8,1,21.708186681251487,6.8344302487697695,2794.7738747887392,63.743403932679335
2024-03-19 09:00:00,9,1,23.009649062153034,6.797152702113403,2678.1536006811543,60.959509157916635
2024-03-19 10:00:00,10,1,17.309785671296726,5.192056606294764,2969.383505546537,54.14650029676713
2024-03-19 11:00:00,11,1,18.59355489675078,5.6674619341237165,2896.9684525294147,54.397935053047576
2024-03-19 12:00:00,12,1,19.725671901138718,5.466217435477334,2583.7934179743716,55.75009166964793
2024-03-19 13:00:00,13,1,20.338805732695782,4.274811765313274,2868.433927243636,51.58424562319064
2024-03-19 14:00:00,14,1,18.159276375213278,4.350350306060292,2700.245829817383,49.82338285733198
2024-03-19 15:00:00,15,1,20.62660550398475,4.993113659863182,2800.7867129772067,47.195146327599986
2024-03-19 16:00:00,16,1,18.83080472091474,3.215777795937677,2843.6726040103085,49.33648717527586
2024-03-19 17:00:00,17,1,19.749578873300013,3.2648018724245254,2856.3794223438476,44.166319937876096
2024-03-19 18:00:00,18,1,20.87105191106397,2.630971458169304,3098.3852343606145,41.959380615681575
2024-03-19 19:00:00,19,1,19.791327954678447,3.1587739287228884,3090.234366588422,40.7109256230023
2024-03-19 20:00:00,20,1,18.90571163400343,3.4980850049222747,3102.3448576780756,45.20602334607842
2024-03-19 21:00:00,21,1,19.559263807204907,3.6832076077619735,3081.673089975917,38.72426915310294
2024-03-19 22:00:00,22,1,19.6017574966459,3.4901523401455705,3170.4481197634195,47.56458200379552
2024-03-19 23:00:00,23,1,19.038461355292316,4.585542795457682,3125.639736326511,49.911738978504424
2024-03-20 00:00:00,0,2,19.29547257738189,5.731097969358818,3301.222354841517,44.79398276936658
2024-03-20 01:00:00,1,2,23.01035904372553,5.741955972462305,3170.111188658281,48.69078826527565
2024-03-20 02:00:00,2,2,20.93490359859857,6.480993594535921,3233.2515698834777,56.31636792066315
2024-03-20 03:00:00,3,2,19.222104066657774,6.295707577366781,3349.1422197170014,56.65059838930879
2024-03-20 04:00:00,4,2,21.206973511737566,7.107000927280732,3269.9299572921586,57.85301436918479
2024-03-20 05:00:00,5,2,19.145425723204074,7.0714855716864,3074.4180241204945,59.46569619490518
2024-03-20 06:00:00,6,2,22.159313977889376,6.524544635156384,2991.291527385685,59.165278094065194
2024-03-20 07:00:00,7,2,20.552349087112283,7.091112154977574,3110.3417414113446,62.27524128168406
2024-03-20 08:00:00,8,2,19.598460414707635,6.236202475848723,2902.075612035871,57.91793691317377
2024-03-20 09:00:00,9,2,20.70849855433665,6.097773424930699,2755.0873196563834,51.58382380062765
2024-03-20 10:00:00,10,2,16.671312398579097,6.094664153646187,2597.590567152623,58.77778522484166
2024-03-20 11:00:00,11,2,17.55952976489648,5.666260226895105,2749.609573929754,52.58660658323017
2024-03-20 12:00:00,12,2,17.425214689917983,4.405383767461435,2782.932377258286,47.11963413783322
2024-03-20 13:00:00,13,2,20.098950892243508,5.009354795386397,2647.057099661915,42.53899972430817
2024-03-20 14:00:00,14,2,23.27809470168628,4.286003139150237,2769.3126543784715,45.07513799309256
2024-03-20 15:00:00,15,2,24.27566499510136,3.233422219821464,2751.5106361525327,41.464811503429836
2024-03-20 16:00:00,16,2,21.089166905597608,2.4991567942065354,2831.5967600800996,44.949581650471266
2024-03-20 17:00:00,17,2,20.814753652605006,2.995696057881148,2673.572080713011,38.190415225327264
2024-03-20 18:00:00,18,2,16.210949234410617,2.77702814306942,2977.8218596283864,36.37525296117102
2024-03-20 19:00:00,19,2,18.72771710324805,3.1247185759483744,3174.5826437715614,41.915525722035525
2024-03-20 20:00:00,20,2,18.237497198899618,3.0863908618533396,3086.859744443344,43.00298697052454
2024-03-20 21:00:00,21,2,18.571369506213863,2.5820580072543997,3217.384671177496,42.322281621183535
2024-03-20 22:00:00,22,2,19.476777065546514,3.80582653084942,3184.2125504661394,45.91646647324315
2024-03-20 23:00:00,23,2,18.86888354732184,4.3295523542608,3325.8219155159977,46.186143516966496
2024-03-21 00:00:00,0,3,15.886138546769347,5.316830512387029,3278.3476802463824,46.19675096351565
2024-03-21 01:00:00,1,3,21.34055867975599,5.168538252899516,3195.85359381852,51.578318759204876
2024-03-21 02:00:00,2,3,17.69925211604131,6.839337336686283,3393.0627679018444,52.37111066255241
2024-03-21 03:00:00,3,3,20.323231895743223,5.458393287047216,3305.025235709186,52.05840015735551
2024-03-21 04:00:00,4,3,23.99290350702087,7.387634556470189,3089.5093236071825,58.21249733611074
2024-03-21 05:00:00,5,3,18.005968984348076,6.819692167139084,3127.4245444725343,48.05984780500405
2024-03-21 06:00:00,6,3,14.784163122028264,7.429792436171778,3053.741200282038,61.65137559475371
2024-03-21 07:00:00,7,3,19.2727297237607,6.971752394607503,2986.584409970362,50.03653663870638
2024-03-21 08:00:00,8,3,22.046657437518064,7.301828575581612,2680.574410400492,52.274131224015406
2024-03-21 09:00:00,9,3,23.76143307596211,6.220532580096689,2888.5286197472988,52.44347086676817
2024-03-21 10:00:00,10,3,17.38563897861609,5.450689787411094,2683.222482572095,50.05571364830342
2024-03-21 11:00:00,11,3,20.838136613993967,6.227890233840574,2674.4394587691527,51.10257923159278
2024-03-21 12:00:00,12,3,18.914117253960818,4.943259677058929,2963.78817522602,42.3216458046572
2024-03-21 13:00:00,13,3,19.63284145891265,4.5931411466070635,2740.4095901853807,43.68926566191189
2024-03-21 14:00:00,14,3,25.133424861554992,4.617375957022398,2701.5601313199504,38.76051936582864
2024-03-21 15:00:00,15,3,16.838797510730615,3.0698088165796884,2567.3385283684447,39.30951078663468
2024-03-21 16:00:00,16,3,20.35221749051007,3.5656946412507518,2988.9764133946355,36.64058484324989
2024-03-21 17:00:00,17,3,20.78012451105179,2.7732009691904183,2787.8333193883836,36.114704355646154
2024-03-21 18:00:00,18,3,22.016310817399617,2.933915322177814,2899.6561096500495,33.84538116309486
2024-03-21 19:00:00,19,3,20.040704474462714,3.1042878301140076,3044.510483621971,34.30570554730897
2024-03-21 20:00:00,20,3,20.460839246529126,2.517838261707655,3291.6411791700293,37.6967191647258
2024-03-21 21:00:00,21,3,19.06144103267734,3.1963679162166874,3289.45603302254,41.25523436589056
2024-03-21 22:00:00,22,3,20.382992050011136,4.675536446206569,3244.0238701513053,38.70031765789435
2024-03-21 23:00:00,23,3,19.158353616526103,4.925457504087355,3320.6069542506025,40.300662575743964
2024-03-22 00:00:00,0,4,21.116638203651966,4.968680211336382,3239.9614307128895,47.33553615750341
2024-03-22 01:00:00,1,4,19.134273751852596,5.639199819461488,3303.743116843256,47.98583443234004
2024-03-22 02:00:00,2,4,20.627695211744236,5.852878747181771,3267.1412956131453,52.98665006244576
2024-03-22 03:00:00,3,4,19.814968796569907,7.092505255287086,3309.0090239240994,49.84883183223994
2024-03-22 04:00:00,4,4,22.1255949254842,6.631874518671795,3246.717812243895,48.817092922061995
2024-03-22 05:00:00,5,4,19.77070697676289,7.04777269864556,3127.043451751321,53.55540167789958
2024-03-22 06:00:00,6,4,16.3274294875261,7.5730150720710325,2963.7652442453896,53.19609783269286
2024-03-22 07:00:00,7,4,22.397337425367848,6.543165910155183,2996.5365159082567,54.91804872313769
2024-03-22 08:00:00,8,4,18.062029822214626,7.511445399817324,2840.8031533796952,52.24487405552112
2024-03-22 09:00:00,9,4,18.565961746642223,5.648982857501407,2679.6765287727226,54.78927432636273
2024-03-22 10:00:00,10,4,18.68217183585288,6.8148210655564,2699.8635996735743,49.63070487322035
2024-03-22 11:00:00,11,4,22.6223706102815,5.331300298229055,2718.674950491712,48.53476960783482
2024-03-22 12:00:00,12,4,15.602145995982472,4.878650626087359,2791.0215783664744,45.968059335810736
2024-03-22 13:00:00,13,4,26.14899149125985,3.537356824203487,2691.869434897564,43.49183048669926
2024-03-22 14:00:00,14,4,21.985608042071966,3.7726026413111544,2619.2725077407076,40.42276832912298
2024-03-22 15:00:00,15,4,20.319972252198184,3.065883172113464,2793.5421339737172,39.95588991985338
2024-03-22 16:00:00,16,4,19.76370642270729,2.964126019744387,2861.3456040056553,34.447936221166096
2024-03-22 17:00:00,17,4,20.444602573655178,2.999492864527424,2940.9380493595195,40.03415117755887
2024-03-22 18:00:00,18,4,20.91573928069854,3.478895807236453,3091.987151595443,34.7855435103823
2024-03-22 19:00:00,19,4,21.163925595839977,3.171950023122176,3179.538037539746,31.90124998390117
2024-03-22 20:00:00,20,4,20.98470335594676,3.4217875191316796,3090.578912761833,37.39912169361884
2024-03-22 21:00:00,21,4,20.052655786450362,3.0380267432041235,3150.51768855107,35.870546401279974
2024-03-22 22:00:00,22,4,19.47881758332521,3.559622955198634,3155.787750039784,42.49115926401452
2024-03-22 23:00:00,23,4,19.57094785663284,5.381724418970613,3359.6593149147684,49.535781937589825
2024-03-23 00:00:00,0,5,19.50950839016817,4.632399482618377,3444.8820108337713,46.52767905554487
2024-03-23 01:00:00,1,5,22.16686514460766,6.345742216233689,3258.2695550958283,52.47270278091558
2024-03-23 02:00:00,2,5,21.086438395435255,5.878469400559567,3235.6645646628326,48.620878564104544
2024-03-23 03:00:00,3,5,14.01854768154497,6.415357530444847,3358.8102900458616,57.32017883040794
2024-03-23 04:00:00,4,5,21.211126503933052,7.2672333876838415,3200.555785321501,54.89050796866374
2024-03-23 05:00:00,5,5,20.28879734031108,7.567797863547464,3121.269284010862,56.67214973780566
2024-03-23 06:00:00,6,5,19.861907437981735,6.944593719860456,2880.908349402627,55.583535860698944
2024-03-23 07:00:00,7,5,19.12228804469576,6.737730125817367,2990.227093397186,60.74310727127331
2024-03-23 08:00:00,8,5,22.14755039084556,6.704090583307771,2757.086365949024,60.5695624404826
2024-03-23 09:00:00,9,5,21.794377875119245,6.583192326489154,2674.46594705054,56.028618786059425
2024-03-23 10:00:00,10,5,18.353569615226313,6.445651843434877,2705.5152211879968,51.29411521421127
2024-03-23 11:00:00,11,5,20.713429525122603,5.519753019702118,2651.6429797684104,56.244154889555226
2024-03-23 12:00:00,12,5,17.95601148179096,5.309443149011577,2677.840030561496,46.63616494695446
2024-03-23 13:00:00,13,5,17.14008862129567,5.301541775930429,2566.1240886607875,39.8131079794109
2024-03-23 14:00:00,14,5,18.6458905016936,4.190654806132393,2836.0740095114356,45.26256236008963
2024-03-23 15:00:00,15,5,21.62411189563905,3.7416128656292953,2900.6365950956783,38.502003497428404
2024-03-23 16:00:00,16,5,21.805575041625705,2.5084937798860896,2655.2657525859186,43.19296767287157
2024-03-23 17:00:00,17,5,20.925495791068116,1.7527832790073319,3020.200067035899,38.08472397730749
2024-03-23 18:00:00,18,5,21.349516524569527,3.1941878646150843,2918.9471370178376,40.69853505185101
2024-03-23 19:00:00,19,5,20.931681525103446,3.0207362317814273,3163.3432672290346,43.432638106984214
2024-03-23 20:00:00,20,5,18.616361760427626,3.0105578549737517,3143.1553507333583,36.600564698511874
2024-03-23 21:00:00,21,5,20.76317004022141,3.707551539720077,3215.009590764064,40.11851612567573
2024-03-23 22:00:00,22,5,21.500144001328895,3.969798135401545,3241.2978561932096,43.66038211224723
2024-03-23 23:00:00,23,5,21.40790761050068,5.046252035111906,3410.9906683100694,50.91185883629624
2024-03-24 00:00:00,0,6,22.300048837128607,5.043055434129489,3176.041198747497,51.14230085547233
2024-03-24 01:00:00,1,6,21.33882978858145,5.144176447669958,3350.5617817602215,53.922128372471846
2024-03-24 02:00:00,2,6,20.62511850926249,6.495083119479644,3369.940637624287,59.55187073596109
2024-03-24 03:00:00,3,6,22.062522570812177,6.305648024899994,3283.7660424100054,58.45683064402743
2024-03-24 04:00:00,4,6,19.8691795756812,6.99531914940503,3382.4698914323417,62.235280695830895
2024-03-24 05:00:00,5,6,18.158472791723888,6.693146299481736,3024.7510372582865,58.12209500927997
2024-03-24 06:00:00,6,6,19.596088166291793,6.675086557251282,3095.7304822593533,69.76043883696346
2024-03-24 07:00:00,7,6,18.432416804566422,6.9739357676709846,2911.745222935102,58.73357958125614
2024-03-24 08:00:00,8,6,18.57186554423056,6.73846512934072,2973.340607635267,60.81244493516743
2024-03-24 09:00:00,9,6,19.633184752748285,6.6541270800565115,2787.099066071899,60.09107371363286
2024-03-24 10:00:00,10,6,18.3373822521794,5.865677123345129,2701.404800678421,63.855513412364054
2024-03-24 11:00:00,11,6,19.30629903490124,4.5994581983198435,2840.8294725004425,51.731102117520656
2024-03-24 12:00:00,12,6,16.13499276027175,4.783613058205805,2650.843806098107,59.06856141572992
2024-03-24 13:00:00,13,6,20.3488095089252,4.879271143366866,2568.949676223224,52.80078902157453
2024-03-24 14:00:00,14,6,19.92463304490377,3.851311960378448,2688.507690547285,49.3687349825634
2024-03-24 15:00:00,15,6,18.288044832042942,3.462594736369632,2849.7712603028885,43.092480136374334
2024-03-24 16:00:00,16,6,21.24071343104413,3.761137445384092,2989.2038751587093,46.170618697563505
2024-03-24 17:00:00,17,6,21.797362369432438,2.712161733792402,2933.4672239988954,41.28773087914358
2024-03-24 18:00:00,18,6,16.707102365441372,2.2285983908785503,3131.8197067234023,46.9174327688889
2024-03-24 19:00:00,19,6,18.396772537046893,2.9878327876591158,2941.8282213829966,40.54500465907978
2024-03-24 20:00:00,20,6,18.383937394604725,3.0258622168067544,3105.67365351821,44.11771948808103
2024-03-24 21:00:00,21,6,18.042415891961593,3.1026632777502776,3183.274522640554,44.38056193338868
2024-03-24 22:00:00,22,6,21.58117177804282,3.912310772050654,3248.3516783880796,45.15488012201267
2024-03-24 23:00:00,23,6,19.534569816633713,4.728114733418349,3298.18718671174,52.75321800899219
2024-03-25 00:00:00,0,0,19.4131493863183,4.995355719216092,3369.0910957392193,56.6063762422289
2024-03-25 01:00:00,1,0,15.934454340126013,5.67112862654816,3245.2970640696717,61.2152210477282
2024-03-25 02:00:00,2,0,21.213015129357974,6.9067038492577115,3273.7104898306443,54.6603746753755
2024-03-25 03:00:00,3,0,17.463662279232576,6.242774131594313,3207.619745323559,65.26357991888861
2024-03-25 04:00:00,4,0,20.062044329472176,6.871225124891212,3057.4110096108852,71.17660075391507
2024-03-25 05:00:00,5,0,20.496932944855903,6.6772449712785695,3066.2790446226127,63.304334995359845
2024-03-25 06:00:00,6,0,22.66349626061682,6.576820140056514,2985.634047010288,70.6854458363269
2024-03-25 07:00:00,7,0,17.324538270701296,6.639397825869252,2905.8462299689395,63.86977444671121
2024-03-25 08:00:00,8,0,13.90315475729787,6.492671521808034,2853.175945658145,59.54302482516047
2024-03-25 09:00:00,9,0,20.30987815844691,6.593951461146657,2795.4353197053742,61.154170484645086
2024-03-25 10:00:00,10,0,23.54320143196123,7.1745378933503785,2696.962860953935,63.144611903025826
2024-03-25 11:00:00,11,0,22.420071774818396,5.159616372067122,2837.493725510406,55.07366100403062
2024-03-25 12:00:00,12,0,20.36149789948877,4.791687347192269,2583.0519370796983,53.19898402298054
2024-03-25 13:00:00,13,0,18.958906697675424,4.4508004032393345,2638.12524126629,54.19242784585437
2024-03-25 14:00:00,14,0,21.55642426221414,4.197899424354874,3018.1887412870237,50.00918035021572
2024-03-25 15:00:00,15,0,17.995086669530583,3.7175618436042983,2684.0688301451123,49.68280104559475
2024-03-25 16:00:00,16,0,20.89489460765196,3.9099970894051816,2714.6245325290242,47.053234584430626
2024-03-25 17:00:00,17,0,20.953119387272775,1.8549523121542595,2995.8019609693656,46.77961769576404
2024-03-25 18:00:00,18,0,22.06259888393728,1.8065350649021636,2792.2880146226125,43.70309644257138
2024-03-25 19:00:00,19,0,25.461499146761675,2.8202092614167884,3054.118322533512,46.03593456320049
2024-03-25 20:00:00,20,0,20.727011003297054,3.816599286202977,3364.582492507649,43.55762694506782
2024-03-25 21:00:00,21,0,18.92425181752452,2.8029624218241063,3057.638442140624,51.79423305564469
2024-03-25 22:00:00,22,0,19.891030444555533,2.4961838301531207,3061.61117256146,48.09717584954805
2024-03-25 23:00:00,23,0,16.404027259161282,4.767951612904561,3139.8596276909507,55.79835201162295
2024-03-26 00:00:00,0,1,18.569763699293674,5.121828611851357,3389.8359568346987,52.41662812634507
2024-03-26 01:00:00,1,1,19.14062508524558,4.972533886805326,3402.2554198853018,56.311636492590836
2024-03-26 02:00:00,2,1,18.911013165602604,5.507230199639535,3208.548741437481,56.632555356621566
2024-03-26 03:00:00,3,1,20.263899705539234,5.9293417025557575,3280.453274756071,57.14053052765505
2024-03-26 04:00:00,4,1,18.31435009670739,6.787318466305847,3289.025532751199,56.54342188432214
2024-03-26 05:00:00,5,1,22.20125129612073,6.618694014486633,3256.380354973739,59.610734796406966
2024-03-26 06:00:00,6,1,19.959604091308183,7.24703195948776,2975.366471882015,62.1457224496459
2024-03-26 07:00:00,7,1,19.94058931919456,5.504538321125941,2692.2071147022452,63.412344808671
2024-03-26 08:00:00,8,1,19.303400528445955,6.303624875004978,2767.912107759031,64.80884098698785
2024-03-26 09:00:00,9,1,20.26957132918975,5.8511865819175695,2745.18754615051,58.85124444176859
2024-03-26 10:00:00,10,1,21.609386490807058,5.871829660813754,2714.298499206829,55.47156671649214
2024-03-26 11:00:00,11,1,18.224929530049987,5.248614210959973,2691.4363120124076,51.37749510231074
2024-03-26 12:00:00,12,1,18.642956983321277,5.398921889947883,2811.889459793067,54.557639863005974
2024-03-26 13:00:00,13,1,19.351737903918462,3.5526935239649298,2837.6650947820376,54.67884210425649
2024-03-26 14:00:00,14,1,17.267448114525358,4.022745738165377,2723.02501347219,51.91643981316253
2024-03-26 15:00:00,15,1,18.320674242028794,3.8649546492327587,2897.7164532492175,48.176179441869905
2024-03-26 16:00:00,16,1,19.006748214382473,4.196272910712101,2885.766136663109,46.37282492325208
2024-03-26 17:00:00,17,1,21.707968322897244,2.827265361875126,2928.804883755501,48.55106208553101
2024-03-26 18:00:00,18,1,20.484312619475638,3.1622293021762586,3090.6544157109965,44.1136933935441
2024-03-26 19:00:00,19,1,20.34636978420688,2.166216951140681,3084.8709183545475,45.39657977447549
2024-03-26 20:00:00,20,1,21.660985885807733,2.071971090274611,3355.781117709776,43.49484338589328
2024-03-26 21:00:00,21,1,19.684446384672995,4.008173625517754,3068.2909176765083,41.96025108486392
2024-03-26 22:00:00,22,1,20.74011966132957,3.997219853175964,3208.2905312261296,46.06590230779493
2024-03-26 23:00:00,23,1,19.752746455606797,5.071618254694168,3277.1258581913257,50.50178144266449
2024-03-27 00:00:00,0,2,20.503974429880813,4.313298555515125,3343.9452690457993,49.06975144772233
2024-03-27 01:00:00,1,2,18.807732415858393,5.777589159969418,3416.5737965970293,57.25444334580982
2024-03-27 02:00:00,2,2,15.095615414528698,6.934408920271927,3257.367764411716,54.13122683299163
2024-03-27 03:00:00,3,2,19.704691406708946,6.624066366551728,3069.9090694053434,59.49499347416083
2024-03-27 04:00:00,4,2,22.818746003281436,6.870341560364401,3234.2513896455002,56.24241764333386
2024-03-27 05:00:00,5,2,21.82568053556474,6.936129692990312,3153.1415901449527,57.61162593581341
2024-03-27 06:00:00,6,2,21.904044700263896,6.214559271437044,2805.8141340620596,54.90037241854808
2024-03-27 07:00:00,7,2,22.44551117469399,7.609638120433311,2921.973873102164,56.3196695544794
2024-03-27 08:00:00,8,2,20.15056491300443,6.426621987666345,2690.98581693197,59.12859354215408
2024-03-27 09:00:00,9,2,20.367881145892746,6.666455190564603,2721.4028558938294,55.9811436832663
2024-03-27 10:00:00,10,2,18.737945940212853,5.218482846714373,2649.9114861683884,56.716211189910126
2024-03-27 11:00:00,11,2,19.341104019027455,4.927908257951152,2791.148721937478,52.01934762627879
2024-03-27 12:00:00,12,2,21.20479203062384,5.7175436996111175,2711.6830174172183,47.8300341353052
2024-03-27 13:00:00,13,2,22.381018605419186,4.308710765316037,2581.663152037677,52.7440954705541
2024-03-27 14:00:00,14,2,19.694357179719557,4.726637738021273,2828.1989751604024,43.60568462407928
2024-03-27 15:00:00,15,2,19.07287120137873,3.546671108097647,2644.487383251194,45.305330427468874
2024-03-27 16:00:00,16,2,19.97430564879475,2.3470003059521947,2883.0113790470946,39.02351367274001
2024-03-27 17:00:00,17,2,21.175663228939786,3.5141821472877237,2840.9532195400884,41.35693550547845
2024-03-27 18:00:00,18,2,17.085540098814473,2.7050538411221963,2963.432291746948,41.67144230767349
2024-03-27 19:00:00,19,2,15.380887824807079,3.417492754180385,3128.0727883345944,39.85361297905448
2024-03-27 20:00:00,20,2,18.872176032098388,3.280554626201164,3202.144939905953,33.16369252428424
2024-03-27 21:00:00,21,2,17.53182487925324,2.8142273236554693,3345.82894171156,41.87108490092129
2024-03-27 22:00:00,22,2,18.956969335786933,4.082147382685283,3251.582251168186,47.578775473498354
2024-03-27 23:00:00,23,2,19.677689093446613,5.5804734808713565,3320.422834183055,47.881647378276405
2024-03-28 00:00:00,0,3,19.077857393509614,5.246493229257229,3256.2262677595677,46.832672286175644
2024-03-28 01:00:00,1,3,22.88928928049713,5.48887921370231,3307.9767361490003,42.91657530964055
2024-03-28 02:00:00,2,3,20.63784374076028,6.537671700978449,3303.756225936183,48.33379044846273
2024-03-28 03:00:00,3,3,20.585302930777296,6.519547794974651,3202.3010496105267,53.8002963658077
2024-03-28 04:00:00,4,3,21.228768499642445,6.836817922700274,2969.6249515907502,55.38655952869296
2024-03-28 05:00:00,5,3,17.7066879759941,6.386039066498585,3110.7928031638457,58.79841426377729
2024-03-28 06:00:00,6,3,22.062577786396176,7.116924012894799,3036.4561477355455,55.06055539504962
2024-03-28 07:00:00,7,3,19.83282563848472,7.449573360786609,2854.336938834449,56.37188618340003
2024-03-28 08:00:00,8,3,21.325315446038065,6.314019731518865,2721.561296392749,54.20453242412617
2024-03-28 09:00:00,9,3,17.84063974547533,7.126461472996569,2935.4558806944324,49.60539526284871
2024-03-28 10:00:00,10,3,16.87683667952351,5.954146987927437,2789.336929954108,43.72778166720366
2024-03-28 11:00:00,11,3,21.6201335276057,5.073753334435772,2687.3141490211083,49.37637518790335
2024-03-28 12:00:00,12,3,20.737173263750673,5.498816038460122,2586.2967116852515,46.01699728572634
2024-03-28 13:00:00,13,3,18.180251102840618,4.338964791925824,2628.0407692711447,41.05244008316219
2024-03-28 14:00:00,14,3,18.24502804900625,4.379757443743054,2870.4514185432913,35.63763649094031
2024-03-28 15:00:00,15,3,22.23522378038518,3.4399071214976376,2801.63415973084,40.31330639184865
2024-03-28 16:00:00,16,3,17.605530425820984,3.2380361206661714,2794.9412932999294,36.03714140005687
2024-03-28 17:00:00,17,3,23.26970011806757,3.3149284495890092,2973.3232095917097,37.50652156470166
2024-03-28 18:00:00,18,3,18.1831127422599,3.145448528795003,2918.5601812553678,41.087301251723176
2024-03-28 19:00:00,19,3,21.261138062772407,2.070382457195994,3227.730016558794,29.4116047566381
2024-03-28 20:00:00,20,3,19.327117260057673,2.707327322383927,3285.2800534896724,34.73609919653643
2024-03-28 21:00:00,21,3,21.190729073720327,4.050491430022312,3165.4746272356865,37.79596100868669
2024-03-28 22:00:00,22,3,18.896126207327256,3.9339317055492256,3196.9405964322455,44.85963418292785
2024-03-28 23:00:00,23,3,19.658768399411052,4.220496258409246,3027.9644280174925,37.997756151843234
2024-03-29 00:00:00,0,4,20.074338463188276,4.320712992371263,3151.8419228448633,51.302738737529715
2024-03-29 01:00:00,1,4,17.98812520083389,4.977769929567117,3155.830770390945,48.49091381621198
2024-03-29 02:00:00,2,4,21.474148803237085,4.9891006800190265,3273.3266552340706,50.20715367528633
2024-03-29 03:00:00,3,4,18.966072979453664,6.363573203022328,3179.508663911828,51.972044182696656
2024-03-29 04:00:00,4,4,19.535300281716797,6.432832017278353,3015.466451258476,52.846620601792196
2024-03-29 05:00:00,5,4,18.003801363179807,6.448557707085479,3049.529309284301,58.298764201186046
2024-03-29 06:00:00,6,4,14.867832794806212,6.965938287416024,3050.5337147647347,52.289593398240584
2024-03-29 07:00:00,7,4,19.610444587196493,7.113836968004505,2975.138221460803,56.190656468310145
2024-03-29 08:00:00,8,4,24.817730955622665,7.77864977367385,2660.032971914112,53.002864701211365
2024-03-29 09:00:00,9,4,21.56170868819288,5.658271852591488,2775.041617595653,50.27982312681108
2024-03-29 10:00:00,10,4,19.953979352928044,6.579690521650261,2601.8583011675073,58.25308118753959
2024-03-29 11:00:00,11,4,19.4667184539803,6.004188870712579,2800.395121827307,49.340498315773495
2024-03-29 12:00:00,12,4,20.037431898020927,4.61045363031165,2778.4146416353497,47.334952294471336
2024-03-29 13:00:00,13,4,21.086738342747253,4.583979887087974,2620.4195294808337,46.32029555146868
2024-03-29 14:00:00,14,4,17.630874481779145,3.7711833753311934,2663.587858624628,36.231105824532264
2024-03-29 15:00:00,15,4,22.221143501734577,3.6786307278362753,2741.7412605942045,43.68096357598853
2024-03-29 16:00:00,16,4,21.42326274327932,4.022514699133398,2624.720660526866,29.308030087158293
2024-03-29 17:00:00,17,4,21.428871563812702,3.37095146373752,2955.951103813302,33.52959816748166
2024-03-29 18:00:00,18,4,20.869451590016286,3.254304186616721,2972.715545365987,34.1180606409512
2024-03-29 19:00:00,19,4,20.03173342778481,2.852993687444542,3174.6632217875417,37.58106749250873
2024-03-29 20:00:00,20,4,21.338222584330474,2.5259208599689553,3040.1590782037447,37.49105642106798
2024-03-29 21:00:00,21,4,21.17612837987959,3.4815523323567006,3150.219739530971,37.923643626527245
2024-03-29 22:00:00,22,4,19.284418690514784,4.6033040774319565,3109.15509533142,40.45916362660473
2024-03-29 23:00:00,23,4,18.845296566603032,3.718777981500133,3189.348691537295,39.97289613889499
2024-03-30 00:00:00,0,5,20.201397610322882,4.4724553159116525,3181.801800393178,44.39569814676591
2024-03-30 01:00:00,1,5,23.09572532278928,5.580771958322075,3389.375115771365,53.65512064825181
2024-03-30 02:00:00,2,5,17.519470868491105,5.507672607576369,3189.981436260193,55.96851366782698
2024-03-30 03:00:00,3,5,17.062634488294027,6.017951838815488,3224.5496028304256,60.71194626755508
2024-03-30 04:00:00,4,5,20.32720670227194,6.520251516704788,3111.9236596138194,55.17759807761718
2024-03-30 05:00:00,5,5,20.099460423510944,6.249042950483061,2950.699186929475,60.625099224011876
2024-03-30 06:00:00,6,5,20.344368348539724,6.512939076891816,2983.169957682836,58.03627514512423
2024-03-30 07:00:00,7,5,20.485591415615907,7.283565610971791,2982.2646196556034,62.11807854868955
2024-03-30 08:00:00,8,5,19.5512805105293,6.078365916453396,2729.2240607456647,60.61353769809724
2024-03-30 09:00:00,9,5,22.977411897003073,5.615277495125676,2868.7792447171737,56.59209133975727
2024-03-30 10:00:00,10,5,16.795877062845875,5.684987510233053,2655.2202867168985,52.868804860220465
2024-03-30 11:00:00,11,5,18.340690970238416,5.8836158414599655,2661.9238595059956,54.35838231706842
2024-03-30 12:00:00,12,5,19.791175499500813,4.901539096001555,2753.068312301005,50.82810889998812
2024-03-30 13:00:00,13,5,16.71130739749057,4.25007137073715,2643.8786363913305,44.245883672934674
2024-03-30 14:00:00,14,5,19.645976210934766,4.022179398757804,2743.9498647982546,39.90399930978013
2024-03-30 15:00:00,15,5,23.320625351254943,2.71293272119708,2756.398882765226,40.95072881630757
2024-03-30 16:00:00,16,5,20.03945799639083,3.5153020193186393,2862.9368006703817,44.77338273841867
2024-03-30 17:00:00,17,5,20.459086831236274,3.259865863123686,2684.280375916894,42.66759854352686
2024-03-30 18:00:00,18,5,17.477355489453746,2.7953457629521394,2817.0318184791918,35.550412921206686
2024-03-30 19:00:00,19,5,18.764962203719953,3.5711106033200712,3139.24241413544,35.724864819627975
2024-03-30 20:00:00,20,5,19.247292259151035,2.7042011429546036,3253.718140564905,44.0511928414125
2024-03-30 21:00:00,21,5,19.36225482628644,4.149740934253689,3121.0833640028122,38.40941980407946
2024-03-30 22:00:00,22,5,22.560972609806445,4.077246832797624,3235.404785918218,45.41528130114444
2024-03-30 23:00:00,23,5,21.113067141249157,4.31408561485587,3319.2496731769506,44.45099123318424
